{
  "phasesDdf": [
    {
      "name": "demandes de financement",
      "key": "DDF",
      "status": [
        {
          "code": "RFD",
          "libelle": "Refus défavorable"
        },
        {
          "code": "ASI",
          "libelle": "Accordé sous condition"
        },
        {
          "code": "RFR",
          "libelle": "Refus rédhibitoire"
        },

        {
          "code": "ACC",
          "libelle": "Accordé"
        },
        {
          "code": "AFO",
          "libelle": "Accord Forcé"
        },
        {
          "code": "AHD",
          "libelle": "Accordé hors délégation"
        },
        {
          "code": "REF",
          "libelle": "Refusé"
        },
        {
          "code": "GEST_GE",
          "libelle": "En gestion"
        },
        {
          "code": "ETU",
          "libelle": "A l'étude"
        },
        {
          "code": "ANO",
          "libelle": "Anomalie"
        },
        {
          "code": "RISK_DI",
          "libelle": "Demande d'information"
        },
        {
          "code": "ANN",
          "libelle": "Annule"
        },
        {
          "code": "SSU",
          "libelle": "Sans suite"
        }
      ]
    },
    {
      "name": "Dossiers au montage",
      "key": "MONTAGE",
      "status": [
        {
          "code": "MONT_RA",
          "libelle": "Ratification"
        },
        {
          "code": "MONT_AN",
          "libelle": "Annulé"
        },
        {
          "code": "MONT_SS",
          "libelle": "Sans suite"
        },
        {
          "code": "MONT_SI",
          "libelle": "Signé"
        }
      ]
    },
    {
      "name": "Suivi de parc",
      "key": "PARC",
      "status": [
        {
          "code": "GEST_GE",
          "libelle": "En gestion"
        }
      ]
    }
  ]
}
