<?xml version="1.0" encoding="UTF-8"?>
<!DOCTYPE jboss-web PUBLIC "-//JBoss//DTD Web Application 2.4//EN" "http://www.jboss.org/j2ee/dtd/jboss-web_4_0.dtd">

<jboss-web>


   <!-- Resource Environment References -->
   <!--
     For additional resouce-env-ref tags add a merge file called jbossweb-resource-env-ref.xml
  
    -->
   <resource-env-ref>
     <resource-env-ref-name>FAE_FRT_PREAUTH_USERS</resource-env-ref-name>
	 <jndi-name>FAE_FRT_PREAUTH_USERS</jndi-name>
   </resource-env-ref>
   <resource-env-ref>
     <resource-env-ref-name>franfinance/crypto/aes</resource-env-ref-name>
	 <jndi-name>franfinance/crypto/aes</jndi-name>
   </resource-env-ref>
   	
   <!-- Resource references -->
   <!--
     For additional resouce-ref tags add a merge file called jbossweb-resource-ref.xml
   -->
   <resource-ref>
      <res-ref-name>jdbc/oaeuser</res-ref-name>
      <jndi-name>java:/jdbc/oaeappli</jndi-name>
   </resource-ref>
   
   <resource-ref>
      <res-ref-name>jdbc/oaeappli</res-ref-name>
      <jndi-name>java:/jdbc/oaeappli</jndi-name>
   </resource-ref>
   
   <resource-ref>
      <res-ref-name>jdbc/odeappli</res-ref-name>
      <jndi-name>java:/jdbc/odeappli</jndi-name>
   </resource-ref>
   
   <resource-ref>
      <res-ref-name>jdbc/bcatconsult</res-ref-name>
      <jndi-name>java:/jdbc/bcatconsult</jndi-name>
   </resource-ref>
   
   <resource-ref>
      <res-ref-name>jdbc/ddfappli</res-ref-name>
      <jndi-name>java:/jdbc/ddfappli</jndi-name>
   </resource-ref>
   
   <resource-ref>
      <res-ref-name>jdbc/ddfconsult</res-ref-name>
      <jndi-name>java:/jdbc/ddfconsult</jndi-name>
   </resource-ref>
   
   <resource-ref>
      <res-ref-name>jdbc/dashboardconsult</res-ref-name>
      <jndi-name>java:/jdbc/dashboardconsult</jndi-name>
   </resource-ref>
   
   <resource-ref>
      <res-ref-name>jdbc/ekipconsult</res-ref-name>
      <jndi-name>java:/jdbc/ekipconsult</jndi-name>
   </resource-ref>
   
   <resource-ref>
      <res-ref-name>jdbc/refconsult</res-ref-name>
      <jndi-name>java:/jdbc/refconsult</jndi-name>
   </resource-ref>

   <resource-ref>
      <res-ref-name>jdbc/bmatappli</res-ref-name>
      <jndi-name>java:/jdbc/bmatappli</jndi-name>
   </resource-ref>
   
   <resource-ref>
      <res-ref-name>jdbc/dvr</res-ref-name>
      <jndi-name>java:/jdbc/dvr</jndi-name>
   </resource-ref>
   
   <resource-ref>
      <res-ref-name>jdbc/dvrref</res-ref-name>
      <jndi-name>java:/jdbc/dvrref</jndi-name>
   </resource-ref>
   
   <!--  connector  cicsSIRENE-->     
   <resource-ref>
      <res-ref-name>jca/cicsSIRENE</res-ref-name>
      <jndi-name>java:/jca/zyps</jndi-name>
   </resource-ref>
   <resource-ref>
      <res-ref-name>url/FCEServer</res-ref-name>
      <jndi-name>url/FCEServer</jndi-name>
   </resource-ref>
   
   <resource-ref>
      <res-ref-name>url/DepotGestionServer</res-ref-name>
      <jndi-name>url/DepotGestionServer</jndi-name>
   </resource-ref>
   
   <resource-ref>
      <res-ref-name>url/PulseWebService</res-ref-name>
      <jndi-name>url/PulseWebService</jndi-name>
   </resource-ref>
   
   <resource-ref>
      <res-ref-name>url/ServiceDiffusion</res-ref-name>
      <jndi-name>url/ServiceDiffusion</jndi-name>
   </resource-ref>
   
   <resource-ref>
      <res-ref-name>url/WebServiceMontage</res-ref-name>
      <jndi-name>url/WebServiceMontage</jndi-name>
   </resource-ref>
      
   <resource-ref>
      <res-ref-name>FAE/FRONT_SEPA</res-ref-name>
      <jndi-name>FAE/FRONT_SEPA</jndi-name>
   </resource-ref>
   
   <resource-ref>
      <res-ref-name>FAE/BAREMES</res-ref-name>
      <jndi-name>FAE/BAREMES</jndi-name>
   </resource-ref>
   
  <!--
   <resource-ref>
      <res-ref-name>FAE/CRYSTAL</res-ref-name>
      <jndi-name>FAE/CRYSTAL</jndi-name>
   </resource-ref>	
   -->
   <resource-ref>
      <res-ref-name>FAE/ENVIRONNEMENT</res-ref-name>
      <jndi-name>FAE/ENVIRONNEMENT</jndi-name>
   </resource-ref>
   
   <resource-ref>
      <res-ref-name>FAE/REGLEPULSE</res-ref-name>
      <jndi-name>FAE/REGLEPULSE</jndi-name>
   </resource-ref>
   
   <resource-ref>
      <res-ref-name>jms/aixQCF</res-ref-name>
      <jndi-name>jms/aixQCF</jndi-name>
   </resource-ref>
   
   <resource-ref>
      <res-ref-name>jms/aixDist00</res-ref-name>
      <jndi-name>jms/Dist</jndi-name>
   </resource-ref>
   
   <resource-ref>
      <res-ref-name>jms/PulseQueue</res-ref-name>
      <jndi-name>jms/PulseQueue</jndi-name>
   </resource-ref>
   
   <resource-ref>
      <res-ref-name>jms/acquisvrat</res-ref-name>
      <jndi-name>jms/acquisvrat</jndi-name>
   </resource-ref>
   
   <resource-ref>
      <res-ref-name>jms/diffusvrat</res-ref-name>
      <jndi-name>jms/diffusvrat</jndi-name>
   </resource-ref>

   <resource-ref>
      <res-ref-name>url/wsDDF</res-ref-name>
      <jndi-name>url/wsDDF</jndi-name>
   </resource-ref>
   
    <resource-ref>
      <res-ref-name>file/pieceJointeProperties</res-ref-name>
      <jndi-name>file/pieceJointeProperties</jndi-name>
   </resource-ref>
   
   <resource-ref>
      <res-ref-name>url/wsBDOC</res-ref-name>
      <jndi-name>java:/url/wsBDOC</jndi-name>
   </resource-ref>
  	<resource-ref>
		<res-ref-name>jms/aixDist03</res-ref-name>
		<jndi-name>jms/Dist03</jndi-name>
	</resource-ref>
	
   <resource-ref>
      <res-ref-name>mail/fae</res-ref-name>
      <jndi-name>java:/mail/fae</jndi-name>
   </resource-ref>
   <!-- EJB References -->
   <!--
     For additional ejb-ref tags add a merge file called jbossweb-ejb-ref.xml
   -->

  <!-- EJB Local References -->

   <!--
     For additional ejb-local-ref tags add a merge file called jbossweb-ejb-local-ref.xml
   -->
</jboss-web>