<?xml version="1.0" encoding="ISO-8859-1" ?>

<!DOCTYPE struts-config PUBLIC
          "-//Apache Software Foundation//DTD Struts Configuration 1.1//EN"
          "http://jakarta.apache.org/struts/dtds/struts-config_1_1.dtd">

<struts-config>

	<!-- ========== Form Bean Definitions =================================== -->

	<form-beans>
		<form-bean name="creationRachatForm" type="fr.franfinance.fae.dist.acq.front.web.mvc.frt_rac_ger.CreationRachatForm" />
		<form-bean name="creationRachatAvanceForm" type="fr.franfinance.fae.dist.acq.front.web.mvc.frt_rac_ger.CreationRachatAvanceForm" />
		<form-bean name="criteresRachatForm" type="fr.franfinance.fae.dist.acq.front.web.mvc.frt_rac_cst.CriteresRachatForm" />
		<form-bean name="rechercheRachatForm" type="fr.franfinance.fae.dist.acq.front.web.mvc.frt_rac_cst.RechercheRachatForm" />
		<form-bean name="diffusionRachatForm" type="fr.franfinance.fae.dist.acq.front.web.mvc.frt_rac_ger.DiffusionRachatForm" />
		<form-bean name="forcageRachatForm" type="fr.franfinance.fae.dist.acq.front.web.mvc.frt_rac_ger.ForcageRachatForm" />
	</form-beans>


	<!-- ========== Global Forward Definitions ============================== -->

	<global-forwards></global-forwards>

	<!-- ========== Action Mapping Definitions ============ -->

	<action-mappings type="fr.franfinance.fae.dist.fwk.web.mvc.mapping.FunctionMapping">

		<!-- ================== Cr�ation d'un rachat =================== -->
		<action path="/rac_cre/PreparationRachatCreationAction" type="fr.franfinance.fae.dist.acq.front.web.mvc.frt_rac_ger.PreparationRachatCreationAction" name="creationRachatForm" scope="request" validate="false">
			<set-property property="item" value="rac_cre" />
			<set-property property="isFirstAction" value="true" />
			<set-property property="localContextClass" value="fr.franfinance.fae.dist.acq.front.web.context.frt_rac_ger.CreationRachatContext" />
			<forward name="success" path="/rac_cre/StepRachatCreationAction.do"></forward>
		</action>

		<action path="/rac_cre/StepRachatCreationAction" type="fr.franfinance.fae.dist.acq.front.web.mvc.frt_rac_ger.StepRachatCreationAction" name="creationRachatForm" scope="request" validate="false">
			<set-property property="item" value="rac_cre" />
			<set-property property="step" value="rac_cre_ini" />
			<set-property property="localContextClass" value="fr.franfinance.fae.dist.acq.front.web.context.frt_rac_ger.CreationRachatContext" />
			<forward name="success" path="/jsp/front.jsp?content=/jsp/FRT_VRA/FRT_VRA_CRE001.jsp"></forward>
		</action>

		<action path="/rac_cre/ReinitListeCriteresRachatAction" type="fr.franfinance.fae.dist.acq.front.web.mvc.frt_rac_ger.ReinitListeCriteresRachatAction" name="creationRachatForm" scope="request" validate="false">
			<set-property property="item" value="rac_cre" />
			<set-property property="localContextClass" value="fr.franfinance.fae.dist.acq.front.web.context.frt_rac_ger.CreationRachatContext" />
			<forward name="success" path="/jsp/front.jsp?content=/jsp/FRT_VRA/FRT_VRA_CRE001.jsp"></forward>
		</action>


		<action path="/rac_cre/CreationRachatAction" type="fr.franfinance.fae.dist.acq.front.web.mvc.frt_rac_ger.CreationRachatAction" name="creationRachatForm" scope="request" validate="true" input="/jsp/front.jsp?content=/jsp/FRT_VRA/FRT_VRA_CRE001.jsp">
			<set-property property="item" value="rac_cre" />
			<set-property property="step" value="rac_cre_fin" />
			<set-property property="localContextClass" value="fr.franfinance.fae.dist.acq.front.web.context.frt_rac_ger.CreationRachatContext" />
			<forward name="success" path="/jsp/front.jsp?content=/jsp/FRT_VRA/FRT_VRA_CRE002.jsp"></forward>
		</action>
			<action path="/rac_cre/RechercheParSirenCalculerValeurRachatAction" type="fr.franfinance.fae.dist.acq.front.web.mvc.frt_rac_ger.RechercheParSirenCalculerValeurRachatAction" name="creationRachatForm" scope="request" validate="false" input="/jsp/front.jsp?content=/jsp/FRT_VRA/FRT_VRA_CRE001.jsp">
			<set-property property="item" value="rac_cre" />
			<set-property property="step" value="rac_cre_fin" />
			<set-property property="localContextClass" value="fr.franfinance.fae.dist.acq.front.web.context.frt_rac_ger.CreationRachatContext" />
			<forward name="success" path="/jsp/front.jsp?content=/jsp/FRT_POR/FRT_VRAT_LAE_CST002.jsp"></forward>
		</action>
		
		<action path="/rac_cre/ExportAffaireAction" type="fr.franfinance.fae.dist.acq.front.web.mvc.frt_por_edp.ExportAffaireAction" name="affaireRechercheForm" scope="request" input="/jsp/front.jsp?content=/jsp/FRT_POR/FRT_VRAT_LAE_CST001.jsp" validate="true">
			<set-property property="item" value="rac_cre" />
			<set-property property="localContextClass" value="fr.franfinance.fae.dist.acq.front.web.context.frt_por_edp.ConsultationAffaireContext" />
			<forward name="success" path="/jsp/front.jsp?content=/jsp/FRT_POR/FRT_VRAT_LAE_CST002.jsp"></forward>
		</action>
	
		
	<!-- ================== Creation rachat avance =================== -->

		<action path="/rac_ava/PreparationRachatAvanceAction" type="fr.franfinance.fae.dist.acq.front.web.mvc.frt_rac_ger.PreparationRachatAvanceCreationAction" name="creationRachatAvanceForm" scope="request" validate="false">
			<set-property property="item" value="rac_ava" />
			<set-property property="isFirstAction" value="true" />
			<set-property property="localContextClass" value="fr.franfinance.fae.dist.acq.front.web.context.frt_rac_ger.CreationRachatAvanceContext" />
			<forward name="success" path="/rac_ava/StepRachatAvanceCreationAction.do"></forward>
		</action>

	<action path="/rac_ava/StepRachatAvanceCreationAction" type="fr.franfinance.fae.dist.acq.front.web.mvc.frt_rac_ger.StepRachatAvanceCreationAction" name="creationRachatAvanceForm" scope="request" validate="false">
			<set-property property="item" value="rac_ava" />
			<set-property property="step" value="rac_ava_ini" />
			<set-property property="localContextClass" value="fr.franfinance.fae.dist.acq.front.web.context.frt_rac_ger.CreationRachatAvanceContext" />
			<forward name="success" path="/jsp/front.jsp?content=/jsp/FRT_VRA/FRT_VRA_CAL_AVA001.jsp"></forward>
		</action>
		
		<action path="/rac_ava/ReinitListeCriteresRachatAvanceAction" type="fr.franfinance.fae.dist.acq.front.web.mvc.frt_rac_ger.ReinitListeCriteresRachatAvanceAction" name="creationRachatAvanceForm" scope="request" validate="false">
			<set-property property="item" value="rac_ava" />
			<set-property property="localContextClass" value="fr.franfinance.fae.dist.acq.front.web.context.frt_rac_ger.CreationRachatAvanceContext" />
			<forward name="success" path="/jsp/front.jsp?content=/jsp/FRT_VRA/FRT_VRA_CAL_AVA001.jsp"></forward>
		</action>

		<action path="/rac_ava/CreationRachatAvanceAction" type="fr.franfinance.fae.dist.acq.front.web.mvc.frt_rac_ger.CreationRachatAvanceAction" name="creationRachatAvanceForm" scope="request" validate="true" input="/jsp/front.jsp?content=/jsp/FRT_VRA/FRT_VRA_CAL_AVA001.jsp">
			<set-property property="item" value="rac_ava" />
			<set-property property="step" value="rac_ava_fin" />
			<set-property property="localContextClass" value="fr.franfinance.fae.dist.acq.front.web.context.frt_rac_ger.CreationRachatAvanceContext" />
			<forward name="success" path="/jsp/front.jsp?content=/jsp/FRT_VRA/FRT_VRA_CAL_AVA002.jsp"></forward>
		</action>

		<!-- ================== Mes rachats =================== -->

		<action path="/rac_mes/PreparationMesRachatsRechercheAction" type="fr.franfinance.fae.dist.acq.front.web.mvc.frt_rac_cst.PreparationMesRachatsRechercheAction" name="criteresRachatForm" scope="request" validate="false">
			<set-property property="item" value="rac_mes" />
			<set-property property="isFirstAction" value="true" />
			<set-property property="localContextClass" value="fr.franfinance.fae.dist.acq.front.web.context.frt_rac_cst.ConsultationRachatContext" />
			<forward name="success" path="/rac_mes/TraitementRachatRechercheAction.do"></forward>
		</action>

		<action path="/rac_mes/TraitementRachatRechercheAction" type="fr.franfinance.fae.dist.acq.front.web.mvc.frt_rac_cst.TraitementRachatRechercheAction" name="criteresRachatForm" scope="request" validate="false" input="/jsp/front.jsp?content=/jsp/FRT_VRA/FRT_VRA_REC002.jsp">
			<set-property property="item" value="rac_mes" />
			<set-property property="localContextClass" value="fr.franfinance.fae.dist.acq.front.web.context.frt_rac_cst.ConsultationRachatContext" />
			<forward name="success" path="/rac_mes/StepListeRachatRechercheAction.do"></forward>
			<forward name="cst_rachat" path="/rac_mes/TraitementRachatConsultationAction.do"></forward>
		</action>
		


	
		<!-- ================== Recherche rachats =================== -->

		<action path="/rac_rec/PreparationRachatRechercheAction" type="fr.franfinance.fae.dist.acq.front.web.mvc.frt_rac_cst.PreparationRachatRechercheAction" name="criteresRachatForm" scope="request" validate="false">
			<set-property property="item" value="rac_rec" />
			<set-property property="isFirstAction" value="true" />
			<set-property property="localContextClass" value="fr.franfinance.fae.dist.acq.front.web.context.frt_rac_cst.ConsultationRachatContext" />
			<forward name="success" path="/rac_rec/StepCriteresRachatRechercheAction.do"></forward>
		</action>

		<action path="/rac_rec/StepCriteresRachatRechercheAction" type="fr.franfinance.fae.dist.acq.front.web.mvc.frt_rac_cst.StepCriteresRachatRechercheAction" name="rechercheRachatForm" scope="request" validate="false">
			<set-property property="item" value="rac_rec" />
			<set-property property="step" value="rac_mes_ini" />
			<set-property property="localContextClass" value="fr.franfinance.fae.dist.acq.front.web.context.frt_rac_cst.ConsultationRachatContext" />
			<forward name="success" path="/jsp/front.jsp?content=/jsp/FRT_VRA/FRT_VRA_REC001.jsp"></forward>
		</action>

		<action path="/rac_rec/TraitementRachatRechercheAction" type="fr.franfinance.fae.dist.acq.front.web.mvc.frt_rac_cst.TraitementRachatRechercheAction" name="criteresRachatForm" scope="request" validate="true" input="/jsp/front.jsp?content=/jsp/FRT_VRA/FRT_VRA_REC001.jsp">
			<set-property property="item" value="rac_rec" />
			<set-property property="localContextClass" value="fr.franfinance.fae.dist.acq.front.web.context.frt_rac_cst.ConsultationRachatContext" />
			<forward name="success" path="/rac_mes/StepListeRachatRechercheAction.do"></forward>
			<forward name="cst_rachat" path="/rac_mes/TraitementRachatConsultationAction.do"></forward>
		</action>

		<action path="/rac_rec/ReinitListeRachatRechercheAction" type="fr.franfinance.fae.dist.acq.front.web.mvc.frt_rac_cst.ReinitListeRachatRechercheAction" name="criteresRachatForm" scope="request" validate="false">
			<set-property property="item" value="rac_rec" />
			<set-property property="localContextClass" value="fr.franfinance.fae.dist.acq.front.web.context.frt_rac_cst.ConsultationRachatContext" />
			<forward name="success" path="/jsp/front.jsp?content=/jsp/FRT_VRA/FRT_VRA_REC001.jsp"></forward>
		</action>



		<!-- ================== Consultation rachats =================== -->

		<action path="/rac_mes/PreparationConsultationRachatAction" type="fr.franfinance.fae.dist.acq.front.web.mvc.frt_rac_cst.PreparationConsultationRachatAction" name="creationRachatForm" scope="request" validate="false">
			<set-property property="item" value="rac_cre" />
			<set-property property="localContextClass" value="fr.franfinance.fae.dist.acq.front.web.context.frt_rac_ger.CreationRachatContext" />
			<forward name="success" path="/rac_mes/TraitementRachatConsultationAction.do"></forward>
		</action>


		<action path="/rac_mes/StepListeRachatRechercheAction" type="fr.franfinance.fae.dist.acq.front.web.mvc.frt_rac_cst.StepListeRachatRechercheAction">
			<set-property property="item" value="rac_mes" />
			<set-property property="step" value="rac_mes_lst" />
			<set-property property="localContextClass" value="fr.franfinance.fae.dist.acq.front.web.context.frt_rac_cst.ConsultationRachatContext" />
			<forward name="success" path="/jsp/front.jsp?content=/jsp/FRT_VRA/FRT_VRA_REC002.jsp"></forward>
		</action>
		
		<action path="/rac_mes/TraitementRachatConsultationAction" type="fr.franfinance.fae.dist.acq.front.web.mvc.frt_rac_cst.TraitementRachatConsultationAction" name="criteresRachatForm" scope="request" validate="false" >
			<set-property property="item" value="rac_mes" />
			<set-property property="localContextClass" value="fr.franfinance.fae.dist.acq.front.web.context.frt_rac_cst.ConsultationRachatContext" />
			<forward name="success" path="/rac_mes/StepConsultationRachatAction.do"></forward>
			<forward name="cst_nodata" path="/rac_rec/PreparationRachatRechercheAction.do"></forward>
		</action>

		<action path="/rac_mes/StepConsultationRachatAction" type="fr.franfinance.fae.dist.acq.front.web.mvc.frt_rac_cst.StepConsultationRachatAction">
			<set-property property="item" value="rac_mes" />
			<set-property property="step" value="rac_mes_cst" />
			<set-property property="localContextClass" value="fr.franfinance.fae.dist.acq.front.web.context.frt_rac_cst.ConsultationRachatContext" />
			<forward name="success" path="/jsp/front.jsp?content=/jsp/FRT_VRA/FRT_VRA_CST001.jsp"></forward>
		</action>
		
		<action path="/rac_mes/StepForcageRachatAction" type="fr.franfinance.fae.dist.acq.front.web.mvc.frt_rac_ger.StepForcageRachatAction">
			<set-property property="item" value="rac_mes" />
			<set-property property="step" value="rac_mes_cst" />
			<set-property property="localContextClass" value="fr.franfinance.fae.dist.acq.front.web.context.frt_rac_cst.ConsultationRachatContext" />
			<forward name="success" path="/rac_mes/PreparationForcageRachatAction.do"></forward>
			<forward name="consult" path="/rac_mes/StepConsultationRachatAction.do"></forward>
		</action>

		<action path="/rac_mes/PreparationForcageRachatAction" type="fr.franfinance.fae.dist.acq.front.web.mvc.frt_rac_ger.PreparationForcageRachatAction">
			<set-property property="item" value="rac_mes" />
			<set-property property="step" value="rac_mes_cst" />
			<set-property property="localContextClass" value="fr.franfinance.fae.dist.acq.front.web.context.frt_rac_ger.ForcageRachatContext" />
			<forward name="success" path="/jsp/front.jsp?content=/jsp/FRT_VRA/FRT_VRA_FOR001.jsp"></forward>
		</action>
		
		<action path="/rac_mes/ForcageRachatAction" type="fr.franfinance.fae.dist.acq.front.web.mvc.frt_rac_ger.ForcageRachatAction" name="forcageRachatForm" scope="request" validate="false" input="/jsp/front.jsp?content=/jsp/FRT_VRA/FRT_VRA_FOR001.jsp">
			<set-property property="item" value="rac_mes" />
			<set-property property="step" value="rac_mes_cst" />
			<set-property property="localContextClass" value="fr.franfinance.fae.dist.acq.front.web.context.frt_rac_ger.ForcageRachatContext" />
			<forward name="success" path="/jsp/front.jsp?content=/jsp/FRT_VRA/FRT_VRA_FOR002.jsp"></forward>
		</action>


		<!-- =============== TRAITEMENTS rachats =================== -->

		<!--    * diffusion *    -->
		<!-- utilise pour la copie -->
		<action path="/rac_mes/PreparationRachatDiffusionAction" type="fr.franfinance.fae.dist.acq.front.web.mvc.frt_rac_ger.PreparationRachatDiffusionAction" name="diffusionRachatForm" scope="request" validate="false" input="/rac_mes/TraitementRachatConsultationAction.do">
			<set-property property="item" value="rac_mes" />
			<set-property property="step" value="rac_mes_dif" />
			<set-property property="localContextClass" value="fr.franfinance.fae.dist.acq.front.web.context.frt_rac_cst.ConsultationRachatContext" />
			<forward name="success" path="/jsp/front.jsp?content=/jsp/FRT_VRA/FRT_VRA_DIF001.jsp"></forward>
		</action>
		<!-- utilise pour la diffusion -->
		<action path="/rac_mes/PreparationRachatCopieAction" type="fr.franfinance.fae.dist.acq.front.web.mvc.frt_rac_ger.PreparationRachatCopieAction" validate="false" name="diffusionRachatForm" input="/rac_mes/TraitementRachatConsultationAction.do">
			<set-property property="item" value="rac_mes" />
			<set-property property="localContextClass" value="fr.franfinance.fae.dist.acq.front.web.context.frt_rac_cst.ConsultationRachatContext" />
			<forward name="success" path="/rac_mes/DiffusionRachatAction.do"></forward>
		</action>
		
		<action path="/rac_mes/DiffusionRachatAction" type="fr.franfinance.fae.dist.acq.front.web.mvc.frt_rac_ger.DiffusionRachatAction" name="diffusionRachatForm" scope="request" validate="false" input="/rac_mes/TraitementRachatConsultationAction.do">
			<set-property property="item" value="rac_mes" />
			<set-property property="localContextClass" value="fr.franfinance.fae.dist.acq.front.web.context.frt_rac_cst.ConsultationRachatContext" />
			<forward name="success" path="/jsp/front.jsp?content=/jsp/FRT_VRA/FRT_VRA_DIF002.jsp"></forward>
		</action>
		

		<!-- utilise pour la diffusion et pour la copie -->

		<action path="/rac_mes/DiffusionCopieRachatAction" type="fr.franfinance.fae.dist.acq.front.web.mvc.frt_rac_ger.DiffusionRachatAction" name="diffusionRachatForm" scope="request" validate="true" input="/jsp/front.jsp?content=/jsp/FRT_VRA/FRT_VRA_DIF001.jsp">
			<set-property property="item" value="rac_mes" />
			<set-property property="localContextClass" value="fr.franfinance.fae.dist.acq.front.web.context.frt_rac_cst.ConsultationRachatContext" />
			<forward name="success" path="/jsp/front.jsp?content=/jsp/FRT_VRA/FRT_VRA_DIF002.jsp"></forward>
		</action>

		<action path="/rac_mes/CopieRachatAction" type="fr.franfinance.fae.dist.acq.front.web.mvc.frt_rac_ger.CopieRachatAction" validate="false" name="diffusionRachatForm" input="/rac_mes/TraitementRachatConsultationAction.do">
			<set-property property="item" value="rac_mes" />
			<set-property property="localContextClass" value="fr.franfinance.fae.dist.acq.front.web.context.frt_rac_cst.ConsultationRachatContext" />
			<forward name="success" path="/rac_mes/DiffusionCopieRachatAction.do"></forward>
		</action>

		<action path="/rac_mes/ApercuRachatAction" type="fr.franfinance.fae.dist.acq.front.web.mvc.frt_rac_ger.ApercuRachatAction" name="diffusionRachatForm" validate="false" input="/rac_mes/TraitementRachatConsultationAction.do">
			<set-property property="item" value="rac_mes" />
			<set-property property="localContextClass" value="fr.franfinance.fae.dist.acq.front.web.context.frt_rac_cst.ConsultationRachatContext" />
			<forward name="success" path="/jsp/front.jsp?content=/jsp/FRT_VRA/FRT_VRA_CST001.jsp"></forward>
		</action>

	<!-- VRAT - Modification valeurs de rachat   -->
		<action path="/rac_mes/PreparationValeursRachatModificationAction" type="fr.franfinance.fae.dist.acq.front.web.mvc.frt_rac_ger.PreparationValeursRachatModificationAction" name="criteresRachatForm" scope="request" validate="false">
			<set-property property="item" value="rac_mes" />
			<set-property property="step" value="rac_mes_mod" />
			<set-property property="localContextClass" value="fr.franfinance.fae.dist.acq.front.web.context.frt_rac_cst.ConsultationRachatContext" />
			<forward name="success" path="/rac_mes/TraitementRachatRechercheAction.do"></forward>
		</action>
		
	</action-mappings>


	<!-- ============ Ressources ========================== -->



	<!-- =============== PlugIns ========================== -->



</struts-config>