<?xml version="1.0" encoding="ISO-8859-1" ?>

<!DOCTYPE struts-config PUBLIC
          "-//Apache Software Foundation//DTD Struts Configuration 1.1//EN"
          "http://jakarta.apache.org/struts/dtds/struts-config_1_1.dtd">

<struts-config>

	<!-- ========== Form Bean Definitions =================================== -->

	<form-beans>
		<form-bean name="infosDashboardForm" type="fr.franfinance.fae.dist.acq.front.web.mvc.frt_pil_dash.SaisiInfosDashboardForm" />
	    <form-bean name="changementStatutCommercialForm" type="fr.franfinance.fae.dist.acq.front.web.mvc.frt_acc_dash.ChangementStatutCommercialForm" />
	    <form-bean name="saisieCriteresDashboardForm" type="fr.franfinance.fae.dist.acq.front.web.mvc.frt_acc_dash.SaisieCriteresDashboardForm" />
	</form-beans>
	

	<!-- ========== Global Forward Definitions ============================== -->

	<global-forwards></global-forwards>


	<!-- ========== Action Mapping Definitions ============ -->

	<action-mappings type="fr.franfinance.fae.dist.fwk.web.mvc.mapping.FunctionMapping">

		<action path="/pil_pre/PresentationAction" type="fr.franfinance.fae.dist.fwk.web.mvc.mapping.ForwardAction">
			<set-property property="item" value="pil_pre" />
			<set-property property="isFirstAction" value="true" />
			<forward name="success" path="/jsp/front.jsp?content=/jsp/FRT_PIL/FRT_PIL_PRE001.jsp"></forward>
		</action>

        <action path="/sim_cre/BidonAction" type="test.bidon.BidonAction">
			<set-property property="item" value="pil_pre" />
			<set-property property="isFirstAction" value="true" />
			<set-property property="localContextClass" value="fr.franfinance.fae.dist.acq.front.web.context.frt_sim_ger.CreationSimulationContext" />
			<forward name="success" path="/jsp/front.jsp?content=/jsp/FRT_PIL/FRT_PIL_PRE001.jsp"></forward>
		</action>
		
		<action path="/pil_dash/PreparationDashboardAction" type="fr.franfinance.fae.dist.acq.front.web.mvc.frt_pil_dash.PreparationDashboardAction" name="infosDashboardForm" scope="request" validate="false">
			<set-property property="item" value="pil_dash" />
			<set-property property="isFirstAction" value="true" />
			<set-property property="localContextClass" value="fr.franfinance.fae.dist.acq.front.web.mvc.frt_pil_dash.DashboardContext" />			
			<forward name="success" path="/pil_dash/InitDashboardInfosAction.do"></forward>						
		</action>
		
		<action path="/pil_dash/InitDashboardInfosAction" type="fr.franfinance.fae.dist.acq.front.web.mvc.frt_pil_dash.InitDashboardInfosAction" name="infosDashboardForm" scope="request" validate="false">
			<set-property property="item" value="pil_dash" />
			<set-property property="step" value="pil_dash_infos" />
			<set-property property="localContextClass" value="fr.franfinance.fae.dist.acq.front.web.mvc.frt_pil_dash.DashboardContext" />
			<forward name="recherche" path="/jsp/front.jsp?content=/jsp/FRT_PIL/FRT_PIL_GER001.jsp"></forward>
			<forward name="dashboard" path="/pil_dash/GestionDashboardInfosAction.do"></forward>
		</action>
		
		<action path="/pil_dash/ReinitListesInfosDashboard" type="fr.franfinance.fae.dist.acq.front.web.mvc.frt_pil_dash.ReinitListesInfosDashboard" name="infosDashboardForm" scope="request" validate="false">
			<set-property property="item" value="pil_dash" />
			<set-property property="localContextClass" value="fr.franfinance.fae.dist.acq.front.web.mvc.frt_pil_dash.DashboardContext" />
			<!-- <forward name="success" path="/jsp/front.jsp?content=/jsp/FRT_PIL/FRT_PIL_GER001.jsp"></forward>-->
			<forward name="success" path="/pil_dash/InitDashboardInfosAction.do"></forward>
		</action>
		
		<action path="/pil_dash/GestionDashboardInfosAction" type="fr.franfinance.fae.dist.acq.front.web.mvc.frt_pil_dash.GestionDashboardInfosAction" name="infosDashboardForm" scope="request" input="/jsp/front.jsp?content=/jsp/FRT_PIL/FRT_PIL_GER001.jsp" validate="true">
			<set-property property="item" value="pil_dash" />
			<set-property property="localContextClass" value="fr.franfinance.fae.dist.acq.front.web.mvc.frt_pil_dash.DashboardContext" />
			<forward name="success" path="/pil_dash/InitDashboardAction.do"></forward>
		</action>
		
		<action path="/pil_dash/InitDashboardAction" type="fr.franfinance.fae.dist.acq.front.web.mvc.frt_pil_dash.InitDashboardAction" name="infosDashboardForm" scope="request" validate="false">
			<set-property property="item" value="pil_dash" />
			<set-property property="step" value="pil_dash_gen" />
			<set-property property="localContextClass" value="fr.franfinance.fae.dist.acq.front.web.mvc.frt_pil_dash.DashboardContext" />
			<forward name="success" path="/jsp/front.jsp?content=/jsp/FRT_PIL/FRT_PIL_DASH001.jsp"></forward>
		</action>
				
		<action path="/pil_dash/dashboard" type="fr.franfinance.fae.dist.acq.front.web.mvc.frt_pil_dash.DashboardAction">
			<set-property property="item" value="pil_dash" />			
			<forward name="success" path="/jsp/front.jsp?content=/jsp/FRT_PIL/FRT_PIL_PRE001.jsp"></forward>
		</action>
	

<!-- =======================Dashbord Accueil ====================== -->

        <action path="/pil_dashboard/AccueilDashboard" type="fr.franfinance.fae.dist.acq.front.web.mvc.frt_acc_dash.PreparationAccueilDashboardAction" name="saisieCriteresDashboardForm" scope="request" validate="false">
			<set-property property="item" value="pil_dashboard" />
			<set-property property="isFirstAction" value="true" />
			<set-property property="localContextClass" value="fr.franfinance.fae.dist.acq.front.web.context.frt_por_cst.ConsultationDOSContext" />			
			<forward name="success" path="/pil_dashboard/InitDashboardAccueilAction.do"></forward>						
		</action>
		
		<action path="/pil_dashboard/InitDashboardAccueilAction"  type="fr.franfinance.fae.dist.acq.front.web.mvc.frt_acc_dash.InitAccueilDashboardAction" name="saisieCriteresDashboardForm" scope="request" validate="false">
			<set-property property="item" value="pil_dashboard" />
			<set-property property="step" value="pil_dashboard_cri_rec" />
			<set-property property="localContextClass" value="fr.franfinance.fae.dist.acq.front.web.context.frt_por_cst.ConsultationDOSContext" />			
			<forward name="recherche" path="/jsp/front.jsp?content=/jsp/FRT_DASH/FRT_DASHBOARD.jsp"></forward>					
		</action>
		
		<action path="/pil_dashboard/ReloadCriRechForAccueilDashboardAction"  type="fr.franfinance.fae.dist.acq.front.web.mvc.frt_acc_dash.ReloadCriRechForAccueilDashboardAction" name="saisieCriteresDashboardForm" scope="request" validate="false">
			<set-property property="item" value="pil_dashboard" />
			<set-property property="localContextClass" value="fr.franfinance.fae.dist.acq.front.web.context.frt_por_cst.ConsultationDOSContext" />			
			<forward name="recherche" path="/jsp/front.jsp?content=/jsp/FRT_DASH/FRT_DASHBOARD.jsp"></forward>					
		</action>

       <action path="/pil_dashboard/TraitementRechercheDOSDashboardAction" type="fr.franfinance.fae.dist.acq.front.web.mvc.frt_acc_dash.TraitementRechercheDOSDashboardAction" name="saisieCriteresDashboardForm" scope="request" input="/jsp/front.jsp?content=/jsp/FRT_DASH/FRT_DASHBOARD.jsp" validate="true">
			<set-property property="item" value="pil_dashboard" />
			<set-property property="step" value="pil_dashboard_lst_dos" />
			<set-property property="localContextClass" value="fr.franfinance.fae.dist.acq.front.web.context.frt_por_cst.ConsultationDOSContext" />			
			<forward name="success" path="/pil_dashboard/StepListeRechercheDOSDashboardAction.do"></forward>
			<forward name="problemeSeuil" path="/pil_dashboard/InitDashboardAccueilAction.do"></forward>
		</action>
	
		<action path="/pil_dashboard/StepListeRechercheDOSDashboardAction" type="fr.franfinance.fae.dist.acq.front.web.mvc.frt_acc_dash.StepListeRechercheDOSDashboardAction" name="saisieCriteresDashboardForm" scope="request" validate="false">
			<set-property property="item" value="pil_dashboard" />
			<set-property property="step" value="pil_dashboard_lst_dos" />
			<set-property property="localContextClass" value="fr.franfinance.fae.dist.acq.front.web.context.frt_por_cst.ConsultationDOSContext" />			
			<forward name="success" path="/jsp/front.jsp?content=/jsp/FRT_DASH/FRT_DASH_REC.jsp"></forward>
		</action>
		
		<action path="/pil_dashboard/StepExportListeDOSDashboardAction" type="fr.franfinance.fae.dist.acq.front.web.mvc.frt_acc_dash.StepExportListeDOSDashboardAction" name="saisieCriteresDashboardForm" scope="request" validate="false">
			<set-property property="item" value="pil_dashboard" />
			<set-property property="localContextClass" value="fr.franfinance.fae.dist.acq.front.web.context.frt_por_cst.ConsultationDOSContext" />			
		</action>


     <action path="/pil_dashboard/StepAccueilListeDOSDashboardAction" type="fr.franfinance.fae.dist.acq.front.web.mvc.frt_acc_dash.StepAccueilListeDOSDashboardAction" name="saisieCriteresDashboardForm" scope="request" validate="false">
			<set-property property="item" value="pil_dashboard" />
			<set-property property="step" value="pil_dashboard_lst_dos" /> 			
			<forward name="success" path="/pil_dashboard/TraitementRechercheDOSDashboardAction.do"></forward>
		</action>
		
		
		
		<!-- =================== Actions sur les dossiers du dashboard  =================== -->
						
			<action path="/pil_dashboard/PreparationChangementStatutCommercialAction" type="fr.franfinance.fae.dist.acq.front.web.mvc.frt_acc_dash.PreparationChangementStatutCommercialAction" name="changementStatutCommercialForm" scope="request" validate="false">
			<set-property property="localContextClass" value="fr.franfinance.fae.dist.acq.front.web.context.frt_por_cst.ConsultationDOSContext" />
			<set-property property="item" value="pil_dashboard"/>
			<set-property property="step" value="pil_dashboard_action_dos" />			
			<forward name="success" path="/jsp/front.jsp?content=/jsp/FRT_DASH/FRT_DASH_CHT_STA_COM001.jsp"></forward>
		     </action>
		
		<action path="/pil_dashboard/ChangementStatutCommercialAction" type="fr.franfinance.fae.dist.acq.front.web.mvc.frt_acc_dash.ChangementStatutCommercialAction" name="changementStatutCommercialForm"  input="/jsp/front.jsp?content=/jsp/FRT_DASH/FRT_DASH_CHT_STA_COM001.jsp" scope="request" validate="true" >
			<set-property property="localContextClass" value="fr.franfinance.fae.dist.acq.front.web.context.frt_por_cst.ConsultationDOSContext" />
			<set-property property="item" value="pil_dashboard" />
			<forward name="validation" path="/pil_dashboard/ValidationChangementStatutCommercialAction.do"></forward>
			<forward name="success" path="/pil_dashboard/TraitementRechercheDOSDashboardAction.do"></forward>
		</action>

		<action path="/pil_dashboard/ValidationChangementStatutCommercialAction" type="fr.franfinance.fae.dist.acq.front.web.mvc.frt_acc_dash.ValidationChangementStatutCommercialAction" name="changementStatutCommercialForm" scope="request" validate="false">
			<set-property property="localContextClass" value="fr.franfinance.fae.dist.acq.front.web.context.frt_por_cst.ConsultationDOSContext" />
			<set-property property="item" value="pil_dashboard"/>
			<set-property property="step" value="pil_dashboard_action_dos" />			
			<forward name="success" path="/jsp/front.jsp?content=/jsp/FRT_DASH/FRT_DASH_CHT_STA_COM002.jsp"></forward>
		 </action>
	</action-mappings>





	<!-- ============ Ressources ========================== -->



	<!-- =============== PlugIns ========================== -->



</struts-config>