<?xml version="1.0" encoding="ISO-8859-1" ?>

<!DOCTYPE struts-config PUBLIC
          "-//Apache Software Foundation//DTD Struts Configuration 1.1//EN"
          "http://jakarta.apache.org/struts/dtds/struts-config_1_1.dtd">

<struts-config>

	<!-- ========== Form Bean Definitions =================================== -->

	<form-beans>

		<form-bean name="editionMontageForm" type="fr.franfinance.fae.dist.acq.front.web.mvc.frt_mon_des.DescenteGestionForm" />
		<form-bean name="financementMontageForm" type="fr.franfinance.fae.dist.acq.front.web.mvc.frt_mon_des.FinancementMontageForm" />
		<form-bean name="clientMontageForm" type="fr.franfinance.fae.dist.acq.front.web.mvc.frt_mon_des.ClientMontageForm" />
		<form-bean name="facturationMontageForm" type="fr.franfinance.fae.dist.acq.front.web.mvc.frt_mon_des.FacturationMontageForm" />
		<form-bean name="prestationMontageForm" type="fr.franfinance.fae.dist.acq.front.web.mvc.frt_mon_des.PrestationMontageForm" />
		<form-bean name="fournisseursMontageForm" type="fr.franfinance.fae.dist.acq.front.web.mvc.frt_mon_des.FournisseurMontageForm" />
		<form-bean name="materielMontageForm" type="fr.franfinance.fae.dist.acq.front.web.mvc.frt_mon_des.MaterielMontageForm" />
		<form-bean name="validationMontageForm" type="fr.franfinance.fae.dist.acq.front.web.mvc.frt_mon_des.ValidationMontageForm" />
	</form-beans>


	<!-- ========== Global Forward Definitions ============================== -->

	<global-forwards></global-forwards>


	<!-- ========== Action Mapping Definitions ============ -->

	<action-mappings type="fr.franfinance.fae.dist.fwk.web.mvc.mapping.FunctionMapping">

		<!-- ============================================= -->
		<!--    Cr�ation du contrat                        -->
		<!-- ============================================= -->

		<action path="/mon_des/ForwardToItemAction" type="fr.franfinance.fae.dist.fwk.web.mvc.mapping.ForwardToItemAction">
			<set-property property="item" value="mon_des" />
			<set-property property="localContextClass" value="fr.franfinance.fae.dist.acq.front.web.context.frt_mon_des.CreationDescenteGestionContext" />
		</action>
		
		<action path="/mon_des/ChangeConsultContexteCreationAction" type="fr.franfinance.fae.dist.acq.front.web.mvc.frt_mon_des.ChangeConsultContexteCreationAction" name="editionMontageForm" validate="false" scope="request">
			<set-property property="item" value="mon_des" />
			<set-property property="localContextClass" value="fr.franfinance.fae.dist.acq.front.web.context.frt_con_cst.ConsultationContratContext" />
			<forward name="success" path="/mon_des/PreparationCreationMontageAction.do"></forward>
		</action>
		
		

		<action path="/mon_des/PreparationCreationMontageAction" type="fr.franfinance.fae.dist.acq.front.web.mvc.frt_mon_des.PreparationCreationMontageAction" name="editionMontageForm" validate="false" scope="request">
			<set-property property="item" value="mon_des" />
			<set-property property="localContextClass" value="fr.franfinance.fae.dist.acq.front.web.context.frt_mon_des.CreationDescenteGestionContext" />
			<forward name="success" path="/mon_des/ChargementFormCreationFinancementMontageAction.do"></forward>
		</action>

		<action path="/mon_des/ChargementFormCreationFinancementMontageAction" type="fr.franfinance.fae.dist.acq.front.web.mvc.frt_mon_des.ChargementFormFinancementMontageAction" name="financementMontageForm" validate="false" scope="request">
			<set-property property="item" value="mon_des" />
			<set-property property="localContextClass" value="fr.franfinance.fae.dist.acq.front.web.context.frt_mon_des.CreationDescenteGestionContext" />
			<forward name="success" path="/mon_des/ChargementFormCreationClientMontageAction.do"></forward>
		</action>

		<action path="/mon_des/ChargementFormCreationClientMontageAction" type="fr.franfinance.fae.dist.acq.front.web.mvc.frt_mon_des.ChargementFormClientMontageAction" name="clientMontageForm" validate="false" scope="request">
			<set-property property="item" value="mon_des" />
			<set-property property="localContextClass" value="fr.franfinance.fae.dist.acq.front.web.context.frt_mon_des.CreationDescenteGestionContext" />
			<forward name="success" path="/mon_des/ChargementFormCreationFacturationMontageAction.do"></forward>
		</action>

		<action path="/mon_des/ChargementFormCreationFacturationMontageAction" type="fr.franfinance.fae.dist.acq.front.web.mvc.frt_mon_des.ChargementFormFacturationMontageAction" name="facturationMontageForm" validate="false" scope="request">
			<set-property property="item" value="mon_des" />
			<set-property property="localContextClass" value="fr.franfinance.fae.dist.acq.front.web.context.frt_mon_des.CreationDescenteGestionContext" />
			<forward name="success" path="/mon_des/ChargementFormCreationPrestationsMontageAction.do"></forward>
		</action>

		<action path="/mon_des/ChargementFormCreationPrestationsMontageAction" type="fr.franfinance.fae.dist.acq.front.web.mvc.frt_mon_des.ChargementFormPrestationsContratAction" name="prestationMontageForm" validate="false" scope="request">
			<set-property property="item" value="mon_des" />
			<set-property property="localContextClass" value="fr.franfinance.fae.dist.acq.front.web.context.frt_mon_des.CreationDescenteGestionContext" />
			<forward name="success" path="/mon_des/ChargementFormCreationFournisseursMontageAction.do"></forward>
		</action>

		<action path="/mon_des/ChargementFormCreationFournisseursMontageAction" type="fr.franfinance.fae.dist.acq.front.web.mvc.frt_mon_des.ChargementFormFournisseursMontageAction" name="fournisseursMontageForm" validate="false" scope="request">
			<set-property property="item" value="mon_des" />
			<set-property property="localContextClass" value="fr.franfinance.fae.dist.acq.front.web.context.frt_mon_des.CreationDescenteGestionContext" />
			<forward name="success" path="/mon_des/ChargementFormCreationMaterielMontageAction.do"></forward>
		</action>

		<action path="/mon_des/ChargementFormCreationMaterielMontageAction" type="fr.franfinance.fae.dist.acq.front.web.mvc.frt_mon_des.ChargementFormMaterielContratAction" name="materielMontageForm" validate="false" scope="request">
			<set-property property="item" value="mon_des" />
			<set-property property="localContextClass" value="fr.franfinance.fae.dist.acq.front.web.context.frt_mon_des.CreationDescenteGestionContext" />
			<forward name="success" path="/mon_des/ChargementFormCreationValidationMontageAction.do"></forward>
		</action>
		
		<action path="/mon_des/ChargementFormCreationValidationMontageAction" type="fr.franfinance.fae.dist.acq.front.web.mvc.frt_mon_des.ChargementFormValidationMontageAction" name="validationMontageForm" validate="false" scope="request">
			<set-property property="item" value="mon_des" />
			<set-property property="localContextClass" value="fr.franfinance.fae.dist.acq.front.web.context.frt_mon_des.CreationDescenteGestionContext" />
			<forward name="success" path="/mon_des/InitCreationFinancementMontageAction.do"></forward>
		</action>

		<action path="/mon_des/InitCreationFinancementMontageAction" type="fr.franfinance.fae.dist.acq.front.web.mvc.frt_mon_des.InitFinancementMontageAction" name="financementMontageForm" validate="false" scope="request">
			<set-property property="item" value="mon_des" />
			<set-property property="step" value="mon_des_fin" />
			<set-property property="localContextClass" value="fr.franfinance.fae.dist.acq.front.web.context.frt_mon_des.CreationDescenteGestionContext" />
			<forward name="success" path="/jsp/front.jsp?content=/jsp/FRT_DES/FRT_MON_CRE001.jsp"></forward>
		</action>
		
		
		<action path="/mon_des/TraitementCreationFinancementMontageAction" type="fr.franfinance.fae.dist.acq.front.web.mvc.frt_mon_des.TraitementFinancementMontageAction" name="financementMontageForm" validate="false" scope="request">
			<set-property property="item" value="mon_des" />
			<set-property property="localContextClass" value="fr.franfinance.fae.dist.acq.front.web.context.frt_mon_des.CreationDescenteGestionContext" />
			<forward name="success" path="/mon_des/ForwardToItemAction.do"></forward>
		</action>

		<action path="/mon_des/InitCreationClientMontageAction" type="fr.franfinance.fae.dist.acq.front.web.mvc.frt_mon_des.InitClientMontageAction" name="clientMontageForm" validate="false" scope="request">
			<set-property property="item" value="mon_des" />
			<set-property property="step" value="mon_des_cli" />
			<set-property property="localContextClass" value="fr.franfinance.fae.dist.acq.front.web.context.frt_mon_des.CreationDescenteGestionContext" />
			<forward name="success" path="/jsp/front.jsp?content=/jsp/FRT_DES/FRT_MON_CRE002.jsp"></forward>
		</action>

		<action path="/mon_des/TraitementCreationClientMontageAction" type="fr.franfinance.fae.dist.acq.front.web.mvc.frt_mon_des.TraitementClientMontageAction" name="clientMontageForm" validate="false" scope="request">
			<set-property property="item" value="mon_des" />
			<set-property property="localContextClass" value="fr.franfinance.fae.dist.acq.front.web.context.frt_mon_des.CreationDescenteGestionContext" />
			<forward name="success" path="/mon_des/ForwardToItemAction.do"></forward>
		</action>

		<action path="/mon_des/InitCreationFacturationMontageAction" type="fr.franfinance.fae.dist.acq.front.web.mvc.frt_mon_des.InitFacturationMontageAction" name="facturationMontageForm" validate="false" scope="request">
			<set-property property="item" value="mon_des" />
			<set-property property="step" value="mon_des_fac" />
			<set-property property="localContextClass" value="fr.franfinance.fae.dist.acq.front.web.context.frt_mon_des.CreationDescenteGestionContext" />
			<forward name="success" path="/jsp/front.jsp?content=/jsp/FRT_DES/FRT_MON_CRE003.jsp"></forward>
		</action>

		<action path="/mon_des/TraitementCreationFacturationMontageAction" type="fr.franfinance.fae.dist.acq.front.web.mvc.frt_mon_des.TraitementFacturationMontageAction" name="facturationMontageForm" validate="false" scope="request">
			<set-property property="item" value="mon_des" />
			<set-property property="localContextClass" value="fr.franfinance.fae.dist.acq.front.web.context.frt_mon_des.CreationDescenteGestionContext" />
			<forward name="success" path="/mon_des/ForwardToItemAction.do"></forward>
		</action>

		<action path="/mon_des/InitCreationPrestationsMontageAction" type="fr.franfinance.fae.dist.acq.front.web.mvc.frt_mon_des.InitPrestationsMontageAction" name="prestationMontageForm" validate="false" scope="request">
			<set-property property="item" value="mon_des" />
			<set-property property="step" value="mon_des_pre" />
			<set-property property="localContextClass" value="fr.franfinance.fae.dist.acq.front.web.context.frt_mon_des.CreationDescenteGestionContext" />
			<forward name="success" path="/jsp/front.jsp?content=/jsp/FRT_DES/FRT_MON_CRE004.jsp"></forward>
		</action>

		<action path="/mon_des/TraitementCreationPrestationsMontageAction" type="fr.franfinance.fae.dist.acq.front.web.mvc.frt_mon_des.TraitementPrestationsMontageAction" name="prestationMontageForm" validate="false" scope="request">
			<set-property property="item" value="mon_des" />
			<set-property property="localContextClass" value="fr.franfinance.fae.dist.acq.front.web.context.frt_mon_des.CreationDescenteGestionContext" />
			<forward name="success" path="/mon_des/ForwardToItemAction.do"></forward>
		</action>

		<action path="/mon_des/InitCreationFournisseursMontageAction" type="fr.franfinance.fae.dist.acq.front.web.mvc.frt_mon_des.InitFournisseursMontageAction" name="fournisseursMontageForm" validate="false" scope="request">
			<set-property property="item" value="mon_des" />
			<set-property property="step" value="mon_des_fou" />
			<set-property property="localContextClass" value="fr.franfinance.fae.dist.acq.front.web.context.frt_mon_des.CreationDescenteGestionContext" />
			<forward name="success" path="/jsp/front.jsp?content=/jsp/FRT_DES/FRT_MON_CRE005.jsp"></forward>
		</action>

		<action path="/mon_des/TraitementCreationFournisseursMontageAction" type="fr.franfinance.fae.dist.acq.front.web.mvc.frt_mon_des.TraitementFournisseursMontageAction" name="fournisseursMontageForm" validate="false" scope="request">
			<set-property property="item" value="mon_des" />
			<set-property property="localContextClass" value="fr.franfinance.fae.dist.acq.front.web.context.frt_mon_des.CreationDescenteGestionContext" />
			<forward name="success" path="/mon_des/ForwardToItemAction.do"></forward>
		</action>

		<action path="/mon_des/InitCreationMaterielMontageAction" type="fr.franfinance.fae.dist.acq.front.web.mvc.frt_mon_des.InitMaterielMontageAction" name="materielMontageForm" validate="false" scope="request">
			<set-property property="item" value="mon_des" />
			<set-property property="step" value="mon_des_mat" />
			<set-property property="localContextClass" value="fr.franfinance.fae.dist.acq.front.web.context.frt_mon_des.CreationDescenteGestionContext" />
			<forward name="success" path="/jsp/front.jsp?content=/jsp/FRT_DES/FRT_MON_CRE006.jsp"></forward>
		</action>

		<action path="/mon_des/TraitementCreationMaterielMontageAction" type="fr.franfinance.fae.dist.acq.front.web.mvc.frt_mon_des.TraitementMaterielMontageAction" name="materielMontageForm" validate="false" scope="request">
			<set-property property="item" value="mon_des" />
			<set-property property="localContextClass" value="fr.franfinance.fae.dist.acq.front.web.context.frt_mon_des.CreationDescenteGestionContext" />
			<forward name="success" path="/mon_des/ForwardToItemAction.do"></forward>
		</action>
		
		<action path="/mon_des/InitCreationValidationMontageAction" type="fr.franfinance.fae.dist.acq.front.web.mvc.frt_mon_des.InitValidationMontageAction" name="validationMontageForm" validate="false" scope="request"> 
			<set-property property="item" value="mon_des" />
			<set-property property="step" value="mon_des_val" />
			<set-property property="localContextClass" value="fr.franfinance.fae.dist.acq.front.web.context.frt_mon_des.CreationDescenteGestionContext" />
			<forward name="success" path="/jsp/front.jsp?content=/jsp/FRT_DES/FRT_MON_CRE007.jsp"></forward>
		</action>
		
		<action path="/mon_des/TraitementCreationValidationMontageAction" type="fr.franfinance.fae.dist.acq.front.web.mvc.frt_mon_des.TraitementValidationMontageAction" name="validationMontageForm" validate="false" scope="request"> 
			<set-property property="item" value="mon_des" />
			<set-property property="localContextClass" value="fr.franfinance.fae.dist.acq.front.web.context.frt_mon_des.CreationDescenteGestionContext" />
			<forward name="success" path="/jsp/front.jsp?content=/jsp/FRT_DES/FRT_MON_DES008.jsp"></forward>
		</action>
		
		
		
		
		
		
		<action path="/mon_des/RetourCreationMontageAction" type="fr.franfinance.fae.dist.acq.front.web.mvc.frt_mon_des.RetourGestionMontageAction">
            <set-property property="item" value="mon_des" />
			<set-property property="localContextClass" value="fr.franfinance.fae.dist.acq.front.web.context.frt_mon_des.CreationDescenteGestionContext" />	
		</action>



		<!-- =========================================================== -->


	</action-mappings>



	<!-- ============ Ressources ========================== -->



	<!-- =============== PlugIns ========================== -->



</struts-config>