<?xml version="1.0" encoding="ISO-8859-1" ?>

<!DOCTYPE struts-config PUBLIC
          "-//Apache Software Foundation//DTD Struts Configuration 1.1//EN"
          "http://jakarta.apache.org/struts/dtds/struts-config_1_1.dtd">

<struts-config>

	<!-- ========== Form Bean Definitions =================================== -->

	<form-beans>

		<form-bean name="donneesGeneraleForm" type="fr.franfinance.fae.dist.acq.front.web.mvc.frt_etu_sai.DonneesGeneralesForm" />

		<form-bean name="materielForm" type="fr.franfinance.fae.dist.acq.front.web.mvc.frt_etu_sai.MaterielForm" />

		<form-bean name="planFinancementForm" type="fr.franfinance.fae.dist.acq.front.web.mvc.frt_etu_sai.PlanFinancementForm" />

		<form-bean name="rechercheDDFForm" type="fr.franfinance.fae.dist.acq.front.web.mvc.frt_etu_cst.RechercheDDFForm" />

		<form-bean name="criteresDDFForm" type="fr.franfinance.fae.dist.acq.front.web.mvc.frt_etu_rec.CriteresDDFForm" />
		
		<form-bean name="forcageDecisionForm" type="fr.franfinance.fae.dist.acq.front.web.mvc.frt_etu_sai.ForcerDecisionDossierForm" />
		
		<form-bean name="passageSansSuiteDossierForm" type="fr.franfinance.fae.dist.acq.front.web.mvc.sans_suite.DossierSansSuiteForm" />
		
		<form-bean name="pieceJointeForm" type="fr.franfinance.fae.dist.acq.front.web.mvc.frt_etu_sai.PiecesJointesForm" />
		
		<form-bean name="infoDirigeantForm" type="fr.franfinance.fae.dist.acq.front.web.mvc.frt_etu_sai.InfoDirigeantForm" />
	</form-beans>


	<!-- ========== Global Forward Definitions ============================== -->

	<global-forwards></global-forwards>


	<!-- ========== Action Mapping Definitions ============ -->

	<action-mappings type="fr.franfinance.fae.dist.fwk.web.mvc.mapping.FunctionMapping">

		<!-- === Saisie === -->
		<action path="/etu_cre/InitSaisieDemandeAction" type="fr.franfinance.fae.dist.acq.front.web.mvc.frt_etu_sai.InitSaisieDemande">
			<set-property property="item" value="etu_cre" />
			<set-property property="isFirstAction" value="true" />
			<set-property property="localContextClass" value="fr.franfinance.fae.dist.acq.front.web.context.frt_etu_sai.CreationDDFContext" />
			<forward name="success" path="/etu_cre/InitDonneesGeneralesAction.do"></forward>
		</action>

		<action path="/etu_cre/InitDonneesGeneralesAction" type="fr.franfinance.fae.dist.acq.front.web.mvc.frt_etu_sai.InitDonneesGeneralesAction" name="donneesGeneraleForm" scope="request" validate="false">
			<set-property property="item" value="etu_cre" />
			<set-property property="step" value="etu_cre_gen" />
			<set-property property="localContextClass" value="fr.franfinance.fae.dist.acq.front.web.context.frt_etu_sai.CreationDDFContext" />
			<forward name="success" path="/jsp/front.jsp?content=/jsp/FRT_ETU/FRT_ETU_SAI001.jsp"></forward>
		</action>

		<action path="/etu_cre/ReinitListeDonneesGeneraleAction" type="fr.franfinance.fae.dist.acq.front.web.mvc.frt_etu_sai.ReinitListeDonneesGeneraleAction" name="donneesGeneraleForm" scope="request" validate="false">
			<set-property property="item" value="etu_cre" />
			<set-property property="localContextClass" value="fr.franfinance.fae.dist.acq.front.web.context.frt_etu_sai.CreationDDFContext" />
			<forward name="success" path="/jsp/front.jsp?content=/jsp/FRT_ETU/FRT_ETU_SAI001.jsp"></forward>
		</action>

         <action path="/etu_cre/ReinitListeDonneesGeneraleActionMaterielDefaut" parameter="materielDefaut" type="fr.franfinance.fae.dist.acq.front.web.mvc.frt_etu_sai.ReinitListeDonneesGeneraleAction" name="donneesGeneraleForm" scope="request" validate="false">
			<set-property property="item" value="etu_cre" />
			<set-property property="localContextClass" value="fr.franfinance.fae.dist.acq.front.web.context.frt_etu_sai.CreationDDFContext" />
			<forward name="success" path="/jsp/front.jsp?content=/jsp/FRT_ETU/FRT_ETU_SAI001.jsp"></forward>
		</action>
		
		<action path="/etu_cre/TraitementDonneesGeneralesAction" type="fr.franfinance.fae.dist.acq.front.web.mvc.frt_etu_sai.TraitementDonneesGeneralesAction" input="/jsp/front.jsp?content=/jsp/FRT_ETU/FRT_ETU_SAI001.jsp" name="donneesGeneraleForm" scope="request" validate="false">
			<set-property property="item" value="etu_cre" />
			<set-property property="localContextClass" value="fr.franfinance.fae.dist.acq.front.web.context.frt_etu_sai.CreationDDFContext" />
			<forward name="success" path="/etu_cre/PreparationMaterielAction.do"></forward>
		</action>
		
		<action path="/PieceJointeAction" type="fr.franfinance.fae.dist.acq.front.web.mvc.frt.PieceJointeAction" input="/jsp/front.jsp?content=/jsp/FRT_COMMUN/PieceJointe.jsp" name="donneesGeneraleForm" scope="request" validate="false">
			<set-property property="item" value="etu_cre" />
			<set-property property="localContextClass" value="fr.franfinance.fae.dist.acq.front.web.context.frt_etu_sai.CreationDDFContext" />
			<forward name="success" path="/jsp/front.jsp?content=/jsp/FRT_COMMUN/PieceJointe.jsp"></forward>
		</action>

		<action path="/etu_cre/PreparationMaterielAction" type="fr.franfinance.fae.dist.acq.front.web.mvc.frt_etu_sai.PreparationMaterielAction" name="materielForm" scope="request" validate="false">
			<set-property property="item" value="etu_cre" />
			<set-property property="localContextClass" value="fr.franfinance.fae.dist.acq.front.web.context.frt_etu_sai.CreationDDFContext" />
			<forward name="required" path="/etu_cre/InitMaterielAction.do" />
			<forward name="not_required" path="/etu_cre/PreparationPlanFinancementAction.do"></forward>
		</action>

		<action path="/etu_cre/InitMaterielAction" type="fr.franfinance.fae.dist.acq.front.web.mvc.frt_etu_sai.InitMaterielAction" name="materielForm" scope="request" validate="false">
			<set-property property="item" value="etu_cre" />
			<set-property property="step" value="etu_cre_mat" />
			<set-property property="localContextClass" value="fr.franfinance.fae.dist.acq.front.web.context.frt_etu_sai.CreationDDFContext" />
			<forward name="success" path="/jsp/front.jsp?content=/jsp/FRT_ETU/FRT_ETU_SAI002.jsp" />
		</action>

		<action path="/etu_cre/ReinitListeMaterielAction" type="fr.franfinance.fae.dist.acq.front.web.mvc.frt_etu_sai.ReinitListeMaterielAction" name="materielForm" scope="request" validate="false">
			<set-property property="item" value="etu_cre" />
			<set-property property="localContextClass" value="fr.franfinance.fae.dist.acq.front.web.context.frt_etu_sai.CreationDDFContext" />
			<forward name="success" path="/jsp/front.jsp?content=/jsp/FRT_ETU/FRT_ETU_SAI002.jsp" />
		</action>


		<action path="/etu_cre/TraitementMaterielAction" type="fr.franfinance.fae.dist.acq.front.web.mvc.frt_etu_sai.TraitementMaterielAction" name="materielForm" scope="request" input="/jsp/front.jsp?content=/jsp/FRT_ETU/FRT_ETU_SAI002.jsp" validate="true">
			<set-property property="item" value="etu_cre" />
			<set-property property="localContextClass" value="fr.franfinance.fae.dist.acq.front.web.context.frt_etu_sai.CreationDDFContext" />
			<forward name="success" path="/etu_cre/PreparationPlanFinancementAction.do" />
		</action>

		<action path="/etu_cre/PreparationPlanFinancementAction" type="fr.franfinance.fae.dist.acq.front.web.mvc.frt_etu_sai.PreparationPlanFinancementAction" name="planFinancementForm" scope="request" validate="false">
			<set-property property="item" value="etu_cre" />
			<set-property property="localContextClass" value="fr.franfinance.fae.dist.acq.front.web.context.frt_etu_sai.CreationDDFContext" />
			<forward name="not_required" path="/etu_cre/CreationDemandeAction.do" />
			<forward name="required" path="/etu_cre/InitPlanFinancementAction.do"></forward>
		</action>

		<action path="/etu_cre/InitPlanFinancementAction" type="fr.franfinance.fae.dist.acq.front.web.mvc.frt_etu_sai.InitPlanFinancementAction" name="planFinancementForm" scope="request" validate="false">
			<set-property property="item" value="etu_cre" />
			<set-property property="step" value="etu_cre_pfi" />
			<set-property property="localContextClass" value="fr.franfinance.fae.dist.acq.front.web.context.frt_etu_sai.CreationDDFContext" />
			<forward name="success" path="/jsp/front.jsp?content=/jsp/FRT_ETU/FRT_ETU_SAI003.jsp"></forward>
		</action>

		<action path="/etu_cre/TraitementPlanAction" type="fr.franfinance.fae.dist.acq.front.web.mvc.frt_etu_sai.TraitementPlanAction" name="planFinancementForm" input="/jsp/front.jsp?content=/jsp/FRT_ETU/FRT_ETU_SAI003.jsp" scope="request" validate="true">
			<set-property property="item" value="etu_cre" />
			<set-property property="localContextClass" value="fr.franfinance.fae.dist.acq.front.web.context.frt_etu_sai.CreationDDFContext" />
			<forward name="success" path="/etu_cre/CreationDemandeAction.do"></forward>
		</action>

		<action path="/etu_cre/CreationDemandeAction" type="fr.franfinance.fae.dist.fwk.web.mvc.mapping.ForwardAction">
			<set-property property="item" value="etu_cre" />
			<set-property property="localContextClass" value="fr.franfinance.fae.dist.acq.front.web.context.frt_etu_sai.CreationDDFContext" />
			<forward name="success" path="/jsp/front.jsp?content=/jsp/FRT_ETU/FRT_ETU_SAI005.jsp"></forward>
		</action>

		<action path="/etu_cre/TraitementDemandeAction" type="fr.franfinance.fae.dist.acq.front.web.mvc.frt_etu_sai.CreationDemandeAction">
			<set-property property="item" value="etu_cre" />
			<set-property property="step" value="etu_cre_rcp" />
			<set-property property="localContextClass" value="fr.franfinance.fae.dist.acq.front.web.context.frt_etu_sai.CreationDDFContext" />
			<forward name="success" path="/jsp/front.jsp?content=/jsp/FRT_ETU/FRT_ETU_SAI004.jsp"></forward>
		</action>

		<action path="/etu_cre/PreparationConsulationDDFAction" type="fr.franfinance.fae.dist.acq.front.web.mvc.frt_etu_sai.PreparationConsulationDDFAction" name="rechercheDDFForm" input="/jsp/front.jsp?content=/jsp/FRT_ETU/FRT_ETU_SAI004.jsp" scope="request" validate="true">
			<set-property property="item" value="etu_cre" />
			<set-property property="localContextClass" value="fr.franfinance.fae.dist.acq.front.web.context.frt_etu_sai.CreationDDFContext" />
			<forward name="success" path="/etu_cre/InitConsultationDDFAction.do"></forward>
		</action>

		<action path="/etu_cre/InitConsultationDDFAction" type="fr.franfinance.fae.dist.acq.front.web.mvc.frt_his_cst.TraitementConsultation" name="rechercheDDFForm" input="/jsp/front.jsp?content=/jsp/FRT_ETU/FRT_ETU_SAI004.jsp" scope="request" validate="true">
			<set-property property="item" value="etu_cre" />
			<set-property property="step" value="etu_cre_cst" />
			<set-property property="localContextClass" value="fr.franfinance.fae.dist.acq.front.web.context.frt_etu_cst.ConsultationDDFContext" />
			<forward name="success" path="/jsp/frontConsult.jsp"></forward>
			<forward name="not_exists" path="/etu_cre/TraitementDemandeAction.do"></forward>
		</action>




		<!-- ===Consultation === -->

		<!--
			<action path="/etu_rec/InitConsultationDDFAction" type="fr.franfinance.fae.dist.acq.front.web.mvc.frt_etu_cst.InitConsultationDDFAction" name="rechercheDDFForm" input="/etu_rec/TraitementCriteresDDFWithValidationAction.do" scope="request" validate="true">
			<set-property property="item" value="etu_rec" />
			<set-property property="step" value="etu_rec_cst" />
			<set-property property="localContextClass" value="fr.franfinance.fae.dist.acq.front.web.context.frt_etu_cst.ConsultationDDFContext" />
			<forward name="success" path="/jsp/front.jsp?content=/jsp/FRT_ETU/FRT_ETU_CST001.jsp"></forward>
			<forward name="not_exists" path="/etu_rec/InitCriteresDDFAction.do"></forward>
			</action>
		-->

		<action path="/etu_rec/InitConsultationDDFAction" type="fr.franfinance.fae.dist.acq.front.web.mvc.frt_his_cst.TraitementConsultation" name="rechercheDDFForm" input="/etu_rec/TraitementCriteresDDFWithValidationAction.do" scope="request" validate="true">
			<set-property property="item" value="etu_rec" />
			<set-property property="step" value="etu_rec_cst" />
			<set-property property="localContextClass" value="fr.franfinance.fae.dist.acq.front.web.context.frt_etu_cst.ConsultationDDFContext" />
			<forward name="success" path="/jsp/frontConsult.jsp"></forward>
			<forward name="not_exists" path="/etu_rec/InitCriteresDDFAction.do"></forward>
		</action>
		
		<action path="/etu_rec/InfoDirigeantAction" type="fr.franfinance.fae.dist.acq.front.web.mvc.frt_etu_sai.InfoDirigeantAction" name="infoDirigeantForm" input="/etu_cre/InitConsultationDDFAction.do" scope="request" validate="true">
			<set-property property="item" value="etu_rec" />
			<set-property property="step" value="etu_rec_cst" />
			<set-property property="localContextClass" value="fr.franfinance.fae.dist.acq.front.web.context.frt_etu_cst.ConsultationDDFContext" />
			<forward name="success" path="/etu_cre/InitConsultationDDFAction.do"></forward>
		</action>
		
<!--
		<action path="/etu_mes/InitConsultationDDFAction" type="fr.franfinance.fae.dist.acq.front.web.mvc.frt_etu_cst.InitConsultationDDFAction" name="rechercheDDFForm" input="/jsp/front.jsp?content=/jsp/FRT_ETU/FRT_ETU_REC002.jsp" scope="request" validate="true">
			<set-property property="item" value="etu_mes" />
			<set-property property="step" value="etu_mes_cst" />
			<set-property property="localContextClass" value="fr.franfinance.fae.dist.acq.front.web.context.frt_etu_cst.ConsultationDDFContext" />
			<forward name="success" path="/jsp/front.jsp?content=/jsp/FRT_ETU/FRT_ETU_CST001.jsp"></forward>
			<forward name="not_exists" path="/jsp/front.jsp?content=/jsp/FRT_ETU/FRT_ETU_REC002.jsp"></forward>
		</action>
-->
       
       <action path="/etu_mes/InitConsultationDDFAction" type="fr.franfinance.fae.dist.acq.front.web.mvc.frt_his_cst.TraitementConsultation" name="rechercheDDFForm" input="/jsp/front.jsp?content=/jsp/FRT_ETU/FRT_ETU_REC002.jsp" scope="request" validate="true">
			<set-property property="item" value="etu_mes" />
			<set-property property="step" value="etu_mes_cst" />
			<set-property property="localContextClass" value="fr.franfinance.fae.dist.acq.front.web.context.frt_etu_cst.ConsultationDDFContext" />
			<forward name="success" path="/jsp/frontConsult.jsp"></forward>
			<forward name="not_exists" path="/jsp/front.jsp?content=/jsp/FRT_ETU/FRT_ETU_REC002.jsp"></forward>
		</action>

		<action path="/etu_mes/InitRechercheRapideDDFAction" type="fr.franfinance.fae.dist.acq.front.web.mvc.frt_etu_rec.InitRechercheRapideDDFAction">
			<set-property property="isFirstAction" value="true" />
			<set-property property="localContextClass" value="fr.franfinance.fae.dist.acq.front.web.context.frt_etu_cst.ConsultationDDFContext" />
			<set-property property="item" value="etu_mes" />
			<forward name="success" path="/etu_mes/TraitementCriteresDDFWithoutValidationAction.do"></forward>
		</action>

		<action path="/etu_rec/InitRechercheCriteresDDFAction" type="fr.franfinance.fae.dist.acq.front.web.mvc.frt_etu_rec.InitRechercheCriteresDDFAction">
			<set-property property="isFirstAction" value="true" />
			<set-property property="localContextClass" value="fr.franfinance.fae.dist.acq.front.web.context.frt_etu_cst.ConsultationDDFContext" />
			<set-property property="item" value="etu_rec" />
			<forward name="success" path="/etu_rec/InitCriteresDDFAction.do"></forward>
		</action>

		<action path="/etu_rec/PreparationRechercheDDFWithValidationAction" type="fr.franfinance.fae.dist.acq.front.web.mvc.frt_etu_rec.PreparationRechercheDDFAction" name="criteresDDFForm" input="/jsp/front.jsp?content=/jsp/FRT_ETU/FRT_ETU_REC001.jsp" scope="request" validate="true">
			<set-property property="item" value="etu_rec" />
			<set-property property="localContextClass" value="fr.franfinance.fae.dist.acq.front.web.context.frt_etu_cst.ConsultationDDFContext" />
			<forward name="by_number" path="/etu_rec/InitConsultationDDFAction.do"></forward>
			<forward name="by_criteres" path="/etu_rec/TraitementCriteresDDFWithValidationAction.do"></forward>
		</action>

		<action path="/etu_mes/PreparationRechercheDDFWithoutValidationAction" type="fr.franfinance.fae.dist.acq.front.web.mvc.frt_etu_rec.PreparationRechercheDDFAction">
			<set-property property="item" value="etu_mes" />
			<set-property property="localContextClass" value="fr.franfinance.fae.dist.acq.front.web.context.frt_etu_cst.ConsultationDDFContext" />
			<forward name="by_number" path="/etu_mes/InitConsultationDDFAction.do"></forward>
			<forward name="by_criteres" path="/etu_mes/TraitementCriteresDDFWithoutValidationAction.do"></forward>
		</action>

		<action path="/etu_rec/TraitementCriteresDDFWithValidationAction" type="fr.franfinance.fae.dist.acq.front.web.mvc.frt_etu_rec.TraitementCriteresDDFAction" name="criteresDDFForm" input="/jsp/front.jsp?content=/jsp/FRT_ETU/FRT_ETU_REC001.jsp" scope="request" validate="true">
			<set-property property="item" value="etu_rec" />
			<set-property property="step" value="etu_rec_lst" />
			<set-property property="localContextClass" value="fr.franfinance.fae.dist.acq.front.web.context.frt_etu_cst.ConsultationDDFContext" />
			<forward name="by_number" path="/etu_rec/InitConsultationDDFAction.do"></forward>
			<forward name="success" path="/etu_rec/TraitementCriteresDDFForwardAction.do"></forward>
		</action>

		<action path="/etu_rec/TraitementCriteresDDFForwardAction" type="fr.franfinance.fae.dist.fwk.web.mvc.mapping.ForwardAction">
			<set-property property="item" value="etu_rec" />
			<set-property property="step" value="etu_rec_lst" />
			<set-property property="localContextClass" value="fr.franfinance.fae.dist.acq.front.web.context.frt_etu_cst.ConsultationDDFContext" />
			<forward name="success" path="/jsp/front.jsp?content=/jsp/FRT_ETU/FRT_ETU_REC002.jsp"></forward>
		</action>

		<action path="/etu_mes/TraitementCriteresDDFWithoutValidationAction" type="fr.franfinance.fae.dist.acq.front.web.mvc.frt_etu_rec.TraitementCriteresDDFAction">
			<set-property property="item" value="etu_mes" />
			<set-property property="localContextClass" value="fr.franfinance.fae.dist.acq.front.web.context.frt_etu_cst.ConsultationDDFContext" />
			<forward name="by_number" path="/etu_mes/InitConsultationDDFAction.do"></forward>
			<forward name="success" path="/etu_mes/TraitementCriteresDDFForwardAction.do"></forward>
		</action>

		<action path="/etu_rec/TraitementCriteresDDFWithoutValidationAction" type="fr.franfinance.fae.dist.acq.front.web.mvc.frt_etu_rec.TraitementCriteresDDFAction">
			<set-property property="item" value="etu_rec" />
			<set-property property="localContextClass" value="fr.franfinance.fae.dist.acq.front.web.context.frt_etu_cst.ConsultationDDFContext" />
			<forward name="by_number" path="/etu_rec/InitConsultationDDFAction.do"></forward>
			<forward name="success" path="/etu_rec/TraitementCriteresDDFForwardAction.do"></forward>
		</action>

		<action path="/etu_mes/TraitementCriteresDDFForwardAction" type="fr.franfinance.fae.dist.fwk.web.mvc.mapping.ForwardAction">
			<set-property property="item" value="etu_mes" />
			<set-property property="step" value="etu_mes_lst" />
			<set-property property="localContextClass" value="fr.franfinance.fae.dist.acq.front.web.context.frt_etu_cst.ConsultationDDFContext" />
			<forward name="success" path="/jsp/front.jsp?content=/jsp/FRT_ETU/FRT_ETU_REC002.jsp"></forward>
		</action>


		<action path="/etu_rec/InitCriteresDDFAction" type="fr.franfinance.fae.dist.acq.front.web.mvc.frt_etu_rec.InitCriteresDDFAction" name="criteresDDFForm" scope="request" validate="false">
			<set-property property="item" value="etu_rec" />
			<set-property property="step" value="etu_rec_cri" />
			<set-property property="localContextClass" value="fr.franfinance.fae.dist.acq.front.web.context.frt_etu_cst.ConsultationDDFContext" />
			<forward name="success" path="/jsp/front.jsp?content=/jsp/FRT_ETU/FRT_ETU_REC001.jsp"></forward>
		</action>

		<action path="/etu_rec/ReinitListeCriteresDDFAction" type="fr.franfinance.fae.dist.acq.front.web.mvc.frt_etu_rec.ReinitListeCriteresDDFAction" name="criteresDDFForm" scope="request" validate="false">
			<set-property property="item" value="etu_rec" />
			<set-property property="localContextClass" value="fr.franfinance.fae.dist.acq.front.web.context.frt_etu_cst.ConsultationDDFContext" />
			<forward name="success" path="/jsp/front.jsp?content=/jsp/FRT_ETU/FRT_ETU_REC001.jsp"></forward>
		</action>

		<!-- ================================= For�age d'une d�cision ===========================================-->
		<action path="/etu_for/InitForcageDecisionAction" type="fr.franfinance.fae.dist.acq.front.web.mvc.frt_etu_for.InitForcageDecisionEtudeAction" name="forcageDecisionForm" scope="request" validate="false">
			<set-property property="localContextClass" value="fr.franfinance.fae.dist.acq.front.web.context.frt_etu_cst.ConsultationDDFContext" />
			<set-property property="item" value="etu_for" />
			<forward name="success" path="/jsp/front.jsp?content=/jsp/FRT_ETU/FRT_ETU_FORC001.jsp"></forward>
		</action>

		<action path="/etu_for/TraitementForcageDecisionAction" type="fr.franfinance.fae.dist.acq.front.web.mvc.frt_por_for.TraitementForcageDecisionAction" name="forcageDecisionForm" input="/jsp/front.jsp?content=/jsp/FRT_ETU/FRT_ETU_FORC001.jsp" scope="request" validate="true">
			<set-property property="localContextClass" value="fr.franfinance.fae.dist.acq.front.web.context.frt_por_etu.ForcageDecisionDossiersContext" />
			<set-property property="item" value="etu_for" />
			<forward name="success" path="/jsp/front.jsp?content=/jsp/FRT_ETU/FRT_ETU_SUC001.jsp"></forward>
			<forward name="forward_error" path="/jsp/front.jsp?content=/jsp/commun/erreur.jsp"></forward>
		</action>
		
		<action path="/etu_for/RetourConsultationEtudeAction" type="fr.franfinance.fae.dist.acq.front.web.mvc.frt_etu_for.RetourConsultationEtudeAction" name="forcageDecisionForm" scope="request" validate="false">
			<set-property property="localContextClass" value="fr.franfinance.fae.dist.acq.front.web.context.frt_por_etu.ForcageDecisionDossiersContext" />
			<set-property property="item" value="etu_for" />
			<forward name="success" path="/etu_mes/InitConsultationDDFAction.do"></forward>
		</action>
		
		<!-- ========== Ratification etude ============================== -->

		<action path="/etu_mes/InitRatificationSimpleAction" type="fr.franfinance.fae.dist.acq.front.web.mvc.frt_etu_cst.InitRatificationSimpleAction" name="ratificationForm" scope="request" validate="false">
			<set-property property="item" value="etu_mes" />
			<set-property property="localContextClass" value="fr.franfinance.fae.dist.acq.front.web.context.frt_etu_cst.ConsultationDDFContext" />
			<forward name="crea_ratif" path="/con_rat/PreparationCreationRatificationAction.do"></forward>
			<forward name="modif_ratif" path="/con_rat_mod/PreparationModifRatificationAction.do"></forward>
		</action>

		<action path="/etu_mes/InitRatificationForceeAction" type="fr.franfinance.fae.dist.acq.front.web.mvc.frt_etu_cst.InitRatificationForceeAction" name="ratificationForm" scope="request" validate="false">
			<set-property property="item" value="etu_mes" />
			<set-property property="localContextClass" value="fr.franfinance.fae.dist.acq.front.web.context.frt_etu_cst.ConsultationDDFContext" />
			<forward name="crea_ratif" path="/con_rat/PreparationCreationRatificationAction.do"></forward>
			<forward name="modif_ratif" path="/con_rat_mod/PreparationModifRatificationAction.do"></forward>
		</action>
		
		<action path="/etu_mes/InitRatificationSimpleApporteurAction" type="fr.franfinance.fae.dist.acq.front.web.mvc.frt_etu_cst.InitRatificationSimpleApporteurAction" name="ratificationForm" scope="request" validate="false">
			<set-property property="item" value="etu_mes" />
			<set-property property="localContextClass" value="fr.franfinance.fae.dist.acq.front.web.context.frt_etu_cst.ConsultationDDFContext" />
			<forward name="crea_ratif" path="/con_rat/PreparationCreationRatificationAction.do"></forward>
			<forward name="modif_ratif" path="/con_rat_mod/PreparationModifRatificationAction.do"></forward>
		</action>

		<action path="/etu_rec/InitRatificationSimpleAction" type="fr.franfinance.fae.dist.acq.front.web.mvc.frt_etu_cst.InitRatificationSimpleAction" name="ratificationForm" scope="request" validate="false">
			<set-property property="item" value="etu_mes" />
			<set-property property="localContextClass" value="fr.franfinance.fae.dist.acq.front.web.context.frt_etu_cst.ConsultationDDFContext" />
			<forward name="crea_ratif" path="/con_rat/PreparationCreationRatificationAction.do"></forward>
			<forward name="modif_ratif" path="/con_rat_mod/PreparationModifRatificationAction.do"></forward>
		</action>

		<action path="/etu_rec/InitRatificationForceeAction" type="fr.franfinance.fae.dist.acq.front.web.mvc.frt_etu_cst.InitRatificationForceeAction" name="ratificationForm" scope="request" validate="false">
			<set-property property="item" value="etu_mes" />
			<set-property property="localContextClass" value="fr.franfinance.fae.dist.acq.front.web.context.frt_etu_cst.ConsultationDDFContext" />
			<forward name="crea_ratif" path="/con_rat/PreparationCreationRatificationAction.do"></forward>
			<forward name="modif_ratif" path="/con_rat_mod/PreparationModifRatificationAction.do"></forward>
		</action>
		
		<action path="/etu_rec/InitRatificationSimpleApporteurAction" type="fr.franfinance.fae.dist.acq.front.web.mvc.frt_etu_cst.InitRatificationSimpleApporteurAction" name="ratificationForm" scope="request" validate="false">
			<set-property property="item" value="etu_mes" />
			<set-property property="localContextClass" value="fr.franfinance.fae.dist.acq.front.web.context.frt_etu_cst.ConsultationDDFContext" />
			<forward name="crea_ratif" path="/con_rat/PreparationCreationRatificationAction.do"></forward>
			<forward name="modif_ratif" path="/con_rat_mod/PreparationModifRatificationAction.do"></forward>
		</action>
		<action path="/gest_ddf/InitPassageEtudeSansSuiteAction" type="fr.franfinance.fae.dist.acq.front.web.mvc.sans_suite.InitPassageDossierSansSuiteAction" name="passageSansSuiteDossierForm" scope="request" validate="false">
			<forward name="success" path="/jsp/front.jsp?content=/jsp/FRT_GEST/FRT_DOS_SANS_SUITE.jsp"></forward>
		</action>

	    <action path="/gest_ddf/passageSansSuiteAction" type="fr.franfinance.fae.dist.acq.front.web.mvc.sans_suite.PassagesDossierSansSuiteAction" name="passageSansSuiteDossierForm" scope="request" validate="false">
		     <forward name="success" path="/jsp/front.jsp?content=/jsp/FRT_GEST/FRT_DDF_SSTE.jsp"></forward>
		</action>
		    <action     path="/consultation/synthesePdf"
                type="fr.franfinance.fae.dist.acq.front.web.mvc.frt_etu_cst.synthese.pdf.SyntheseActionPdf">
            </action>

		<!-- ========== Fin Gestion Catalogues ============================== -->



		<!-- ============ Divers ================= -->


		<!-- ============ Edition Referentiel ================= -->

	</action-mappings>



	<!-- ============ Ressources ========================== -->



	<!-- =============== PlugIns ========================== -->



</struts-config>