<?xml version="1.0" encoding="ISO-8859-1" ?>

<!DOCTYPE struts-config PUBLIC
          "-//Apache Software Foundation//DTD Struts Configuration 1.1//EN"
          "http://jakarta.apache.org/struts/dtds/struts-config_1_1.dtd">

<struts-config>

	<!-- ========== Form Bean Definitions =================================== -->

	<form-beans>
		<form-bean name="statutDOSVPForm" type="fr.franfinance.fae.dist.acq.front.web.mvc.frt_vp_sta_dos.StatutDOSVPForm" />
		<form-bean name="listeTravailVPForm" type="fr.franfinance.fae.dist.acq.front.web.mvc.frt_vp_lis_tra.ListeTravailVPForm" />
	</form-beans>


	<!-- ========== Global Forward Definitions ============================== -->

	<global-forwards></global-forwards>

	<!-- ========== Action Mapping Definitions ============ -->

	<action-mappings type="fr.franfinance.fae.dist.fwk.web.mvc.mapping.FunctionMapping">

		<!-- Liste Travail -->
		
		<action path="/vp_lis_tra/PreparationRechercheListeTravailAction" 
				type="fr.franfinance.fae.dist.acq.front.web.mvc.frt_vp_lis_tra.PreparationRechercheListeTravailAction" 
				name="listeTravailVPForm" 
				scope="request" 
				validate="false">
			<set-property property="item" value="vp_lis_tra" />
			<set-property property="isFirstAction" value="true" />
			<set-property property="localContextClass" value="fr.franfinance.fae.dist.acq.front.web.context.frt_vp_lis_tra.PreparationRechercherListeTravailContext" />
			<forward name="success" path="/vp_lis_tra/StepCriteresRechercheListeTravailAction.do"></forward>
		</action>
	
		<action path="/vp_lis_tra/StepCriteresRechercheListeTravailAction" 
				type="fr.franfinance.fae.dist.acq.front.web.mvc.frt_vp_lis_tra.StepRechercheListeTravailAction" 
				name="listeTravailVPForm" 
				scope="request" 
				validate="false">
			<set-property property="item" value="vp_lis_tra" />
			<set-property property="step" value="vp_lis_tra_cri" />
			<set-property property="localContextClass" value="fr.franfinance.fae.dist.acq.front.web.context.frt_vp_lis_tra.PreparationRechercherListeTravailContext" />
			<forward name="success" path="/jsp/front.jsp?content=/jsp/FRT_VP/FRT_VP_LIS_TRA_RECHERCHE.jsp"></forward>
		</action>
		
		<action path="/vp_lis_tra/ReinitCriteresListeTravailAction" 
				type="fr.franfinance.fae.dist.acq.front.web.mvc.frt_vp_lis_tra.ReinitCriteresListeTravailAction" 
				name="listeTravailVPForm" 
				scope="request" 
				validate="false">
			<set-property property="item" value="vp_lis_tra" />
			<set-property property="localContextClass" value="fr.franfinance.fae.dist.acq.front.web.context.frt_vp_lis_tra.PreparationRechercherListeTravailContext" />
			<forward name="success" path="/jsp/front.jsp?content=/jsp/FRT_VP/FRT_VP_LIS_TRA_RECHERCHE.jsp"></forward>
		</action>
		
		<action path="/vp_lis_tra/TraitementRechercheListeTravailAction" 
				type="fr.franfinance.fae.dist.acq.front.web.mvc.frt_vp_lis_tra.TraitementRechercheListeTravailAction" 
				name="listeTravailVPForm" 
				scope="request" 
				input="/jsp/front.jsp?content=/jsp/FRT_VP/FRT_VP_LIS_TRA_RECHERCHE.jsp" 
				validate="true">
			<set-property property="item" value="vp_lis_tra" />
		</action>
	
		<!-- Statut Dossier -->
		
		<action path="/vp_sta_dos/PreparationRechercheDossierVPAction" 
				type="fr.franfinance.fae.dist.acq.front.web.mvc.frt_vp_sta_dos.PreparationRechercheDossierVPAction" 
				name="statutDOSVPForm" 
				scope="request" 
				validate="false">
			<set-property property="item" value="vp_sta_dos" />
			<set-property property="isFirstAction" value="true" />
			<set-property property="localContextClass" value="fr.franfinance.fae.dist.acq.front.web.context.frt_vp_sta_dos.PreparationRechercherDossierVPContext" />
			<forward name="success" path="/jsp/front.jsp?content=/jsp/FRT_VP/FRT_VP_STA_DOS_RECHERCHE.jsp"></forward>
		</action>
	
		<action path="/vp_sta_dos/ReinitCriteresDossierVPAction" 
				type="fr.franfinance.fae.dist.acq.front.web.mvc.frt_vp_sta_dos.ReinitCriteresDossierVPAction" 
				name="statutDOSVPForm" 
				scope="request" 
				validate="false">
			<set-property property="item" value="vp_sta_dos" />
			<set-property property="localContextClass" value="fr.franfinance.fae.dist.acq.front.web.context.frt_vp_sta_dos.PreparationRechercherDossierVPContext" />
			<forward name="success" path="/jsp/front.jsp?content=/jsp/FRT_VP/FRT_VP_STA_DOS_RECHERCHE.jsp"></forward>
		</action>
		
		<action path="/vp_sta_dos/TraitementRechercheDossierVPAction" 
				type="fr.franfinance.fae.dist.acq.front.web.mvc.frt_vp_sta_dos.TraitementRechercheDossierVPAction" 
				name="statutDOSVPForm" 
				scope="request" 
				input="/jsp/front.jsp?content=/jsp/FRT_VP/FRT_VP_STA_DOS_RECHERCHE.jsp" 
				validate="true">
			<set-property property="item" value="vp_sta_dos" />
			<set-property property="localContextClass" value="fr.franfinance.fae.dist.acq.front.web.context.frt_vp_sta_dos.PreparationRechercherDossierVPContext" />
			<forward name="success" path="/vp_sta_dos/StepListeDossierVPAction.do"></forward>
		</action>
	
		<action path="/vp_sta_dos/StepListeDossierVPAction" 
				type="fr.franfinance.fae.dist.acq.front.web.mvc.frt_vp_sta_dos.StepListeDossierVPAction" 
				name="statutDOSVPForm" 
				scope="request" 
				validate="false">
			<set-property property="item" value="vp_sta_dos" />
			<set-property property="step" value="vp_sta_dos_lst" />
			<set-property property="localContextClass" value="fr.franfinance.fae.dist.acq.front.web.context.frt_vp_sta_dos.PreparationRechercherDossierVPContext" />
			<forward name="success" path="/jsp/front.jsp?content=/jsp/FRT_VP/FRT_VP_STA_DOS_LIST.jsp"></forward>
		</action>
		
		<action path="/vp_sta_dos/ConsultationDossierVPAction" 
				type="fr.franfinance.fae.dist.acq.front.web.mvc.frt_vp_sta_dos.ConsultationDossierVPAction" 
				name="statutDOSVPForm" 
				scope="request" 
				validate="false">
			<set-property property="item" value="vp_sta_dos" />
			<set-property property="localContextClass" value="fr.franfinance.fae.dist.acq.front.web.context.frt_vp_sta_dos.PreparationRechercherDossierVPContext" />
			<forward name="success" path="/jsp/front.jsp?content=/jsp/FRT_VP/FRT_VP_STA_DOS_CONSULTATION.jsp"></forward>
		</action>
		
	</action-mappings>


	<!-- ============ Ressources ========================== -->



	<!-- =============== PlugIns ========================== -->



</struts-config>