<?xml version="1.0" encoding="ISO-8859-1" ?>

<!DOCTYPE struts-config PUBLIC
          "-//Apache Software Foundation//DTD Struts Configuration 1.1//EN"
          "http://jakarta.apache.org/struts/dtds/struts-config_1_1.dtd">

<struts-config>

	<!-- ========== Form Bean Definitions =================================== -->

	<form-beans>


	</form-beans>


	<!-- ========== Global Forward Definitions ============================== -->

	<global-forwards>
		<forward name="forward_home" path="/jsp/front.jsp?content=/jsp/index.jsp" />
		<forward name="forward_index" path="/jsp/front.jsp?content=/jsp/FRT_POR_ACC.jsp" />
		<forward name="forward_error" path="/jsp/front.jsp?content=/jsp/commun/erreur.jsp" />
	</global-forwards>


	<!-- ========== Action Mapping Definitions ============ -->

	<action-mappings type="fr.franfinance.fae.dist.fwk.web.mvc.mapping.ItemMapping">
		<!-- ========== Consultation Menu ============================== -->

		<action path="/commun/Index" type="fr.franfinance.fae.dist.fwk.web.mvc.IndexAction">
			<set-property property="item" value="root" />
		</action>
		<action path="/etu_cre/EtuCre" forward="/etu_cre/InitSaisieDemandeAction.do">
			<set-property property="item" value="etu_cre" />
		</action>
		<action path="/etu_rec/EtuRec" forward="/etu_rec/InitRechercheCriteresDDFAction.do">
			<set-property property="item" value="etu_rec" />
		</action>
		<action path="/etu_mes/EtuMes" forward="/etu_mes/InitRechercheRapideDDFAction.do">
			<set-property property="item" value="etu_mes" />
		</action>

		<action path="/sim_pre/SimPre" forward="/sim_pre/PresentationAction.do">
			<set-property property="item" value="sim_pre" />
		</action>

		<action path="/sim_cre/SimSimple" forward="/sim_cre/PreparationCreationSimulationSimpleAction.do">
			<set-property property="item" value="sim_ssi" />
		</action>

		<action path="/sim_cref/SimForcee" forward="/sim_cref/PreparationCreationSimulationForceeAction.do">
			<set-property property="item" value="sim_sav" />
		</action>

		<action path="/sim_rec/SimRec" forward="/sim_rec/PreparationSimuRechercheAction.do">
			<set-property property="item" value="sim_rec" />
		</action>

		<action path="/sim_mes/SimMes" forward="/sim_mes/PreparationSimuRechercheRapideAction.do">
			<set-property property="item" value="sim_mes" />
		</action>
		
		<action path="/prop_vrg/PropVierge" forward="/prop_vrg/InitEditionPropositionViergeAction.do">
			<set-property property="item" value="prop_vrg" />
		</action>

		<action path="/con_pre/ConPre" forward="/con_pre/PresentationAction.do">
			<set-property property="item" value="con_pre" />
		</action>

		<action path="/con_mes/ConMes" forward="/con_mes/PreparationMesContratsRechercheAction.do">
			<set-property property="item" value="con_mes" />
		</action>

		<action path="/rat_mes/RatMes" forward="/con_rat/PreparationMesRatificationsRechercheAction.do">
			<set-property property="item" value="rat_mes" />
		</action>

		<action path="/con_rec/ConRec" forward="/con_rec/PreparationContratRechercheAction.do">
			<set-property property="item" value="con_rec" />
		</action>

		<action path="/con_mdi/ConEdition" forward="/con_mdi/PreparationMesDemandesImpressionRechercheAction.do">
			<set-property property="item" value="con_mdi" />
		</action>
		
		<action path="/con_vrg/ConVierge" forward="/con_vrg/InitEditionContratViergeAction.do">
			<set-property property="item" value="con_vrg" />
		</action>		

		<action path="/con_rat/ConMon" forward="/con_rat/PreparationCreationRatificationAction.do">
			<set-property property="item" value="con_rat" />
		</action>

		<action path="/con_exp/ConExport" forward="/con_exp/InitExportRatificationAction.do">
			<set-property property="item" value="con_exp" />
		</action>

		<action path="/pil_pre/PilPre" forward="/pil_pre/PresentationAction.do">
			<set-property property="item" value="pil_pre" />
		</action>
		
		<action path="/pil_dash/PilDash" forward="/pil_dash/PreparationDashboardAction.do">
			<set-property property="item" value="pil_dash" />
		</action>
		
		<action path="/pil_dashboard/PilAccueilDashboard" forward="/pil_dashboard/AccueilDashboard.do">
			<set-property property="item" value="pil_dashboard" />
		</action>

		<action path="/por_pre/PorPre" forward="/por_pre/PresentationAction.do">
			<set-property property="item" value="por_pre" />
		</action>
		<action path="/por_rec/PorRec" forward="/por_rec/PreparationRechercheDOSAction.do">
			<set-property property="item" value="por_rec" />
		</action>
		
		<action path="/act_rec/ActRec" type="fr.franfinance.fae.dist.acq.front.web.context.frt_por_cst.PreparationGestionConsultationAction">
			<set-property property="item" value="act_rec" />
			<forward name="mesDossiers" path="/por_mes/PreparationRechercheRapideDOSAction.do" />
			<forward name="mesRachats" path="/rac_mes/PreparationMesRachatsRechercheAction.do" />
		</action>
				
		<action path="/MesRatifAuto" type="fr.franfinance.fae.dist.acq.front.web.mvc.frt_por_rec.PreparationListeAccordRatifAuto">
			<set-property property="item" value="por_rat" />
			<forward name="success" path="/jsp/front.jsp?content=/jsp/FRT_POR/FRT_POR_REC002.jsp"></forward>
		</action>
		
		<action path="/por_ram/PorRea" forward="/por_ram/InitReaDossiersVendeurAction.do">
			<set-property property="item" value="por_ram" />
		</action>

		<action path="/por_edp/PorEdp" forward="/por_edp/PreparationAffaireRechercheAction.do">
			<set-property property="item" value="por_edp" />
		</action>
		
		<!-- ============ Divers ================= -->
		<action path="/rac_cre/RacCre" forward="/rac_cre/PreparationRachatCreationAction.do">
			<set-property property="item" value="rac_cre" />
		</action>
		<action path="/rac_mes/RacMes" forward="/rac_mes/PreparationMesRachatsRechercheAction.do">
			<set-property property="item" value="rac_mes" />
		</action>
		<action path="/rac_rec/RacRec" forward="/rac_rec/PreparationRachatRechercheAction.do">
			<set-property property="item" value="rac_rec" />
		</action>
	
		<action path="/rac_ava/RacAva" forward="/rac_ava/PreparationRachatAvanceAction.do">
			<set-property property="item" value="rac_ava" />
		</action>
		
		<!-- ============ Divers ================= -->
		<action path="/commun/LogoAction" type="fr.franfinance.fae.dist.acq.front.web.mvc.frt.LogoAction">
			<set-property property="item" value="linked_logo" />
		</action>
		<action path="/commun/AnimationAction" type="fr.franfinance.fae.dist.acq.front.web.mvc.frt.AnimationAction">
			<set-property property="item" value="linked_animation" />
		</action>
		<action path="/commun/FicheAction" type="fr.franfinance.fae.dist.acq.front.web.mvc.frt.FichePdfAction">
			<set-property property="item" value="linked_fiche" />
		</action>
		<action path="/commun/FaqRoot" type="fr.franfinance.fae.dist.acq.front.web.mvc.frt.FaqAction">
			<set-property property="item" value="linked_rootfaq" />
			<forward name="success" path="/jsp/FRT_COM/FRT_FAQ_ROOT.jsp"></forward>
		</action>

		<action path="/commun/FaqPor" type="fr.franfinance.fae.dist.acq.front.web.mvc.frt.FaqAction">
			<set-property property="item" value="linked_porfaq" />
			<forward name="success" path="/jsp/FRT_COM/FRT_FAQ.jsp" />
		</action>

		<action path="/commun/FaqEtu" type="fr.franfinance.fae.dist.acq.front.web.mvc.frt.FaqAction">
			<set-property property="item" value="linked_etufaq" />
			<forward name="success" path="/jsp/FRT_COM/FRT_FAQ.jsp" />
		</action>
		
		<action path="/commun/FaqSim" type="fr.franfinance.fae.dist.acq.front.web.mvc.frt.FaqAction">
			<set-property property="item" value="linked_simfaq" />
			<forward name="success" path="/jsp/FRT_COM/FRT_FAQ.jsp" />
		</action>
		<action path="/commun/FaqCon" type="fr.franfinance.fae.dist.acq.front.web.mvc.frt.FaqAction">
			<set-property property="item" value="linked_confaq" />
			<forward name="success" path="/jsp/FRT_COM/FRT_FAQ.jsp" />
		</action>
		<action path="/commun/FaqPil" type="fr.franfinance.fae.dist.acq.front.web.mvc.frt.FaqAction">
			<set-property property="item" value="linked_pilfaq" />
			<forward name="success" path="/jsp/FRT_COM/FRT_FAQ.jsp" />
		</action>
		
		<action path="/commun/FaqRac" type="fr.franfinance.fae.dist.acq.front.web.mvc.frt.FaqAction">
			<set-property property="item" value="linked_racfaq" />
			<forward name="success" path="/jsp/FRT_COM/FRT_FAQ.jsp" />
		</action>
		
		<action path="/commun/MentionsLegales" type="fr.franfinance.fae.dist.acq.front.web.mvc.frt.MentionsLegalesAction">
			<set-property property="item" value="linked_menleg" />
			<forward name="success" path="/jsp/FRT_COM/FRT_MentionsLegales.jsp" />
		</action>

		<action path="/commun/CopyRight" type="fr.franfinance.fae.dist.acq.front.web.mvc.frt.CopyrightAction">
			<set-property property="item" value="linked_copyright" />
			<forward name="success" path="/jsp/FRT_COM/FRT_CopyRight.jsp" />
		</action>
		<action path="/commun/Contact" type="fr.franfinance.fae.dist.fwk.web.mvc.mapping.ForwardAction">
			<set-property property="item" value="linked_contact" />
			<forward name="success" path="/jsp/front.jsp?content=/jsp/FRT_COM/FRT_Contact.jsp" />
		</action>
		
		<!-- ============ Vision Partenaires ================= -->
		<action path="/vp_sta_dos/statutDossier" forward="/vp_sta_dos/PreparationRechercheDossierVPAction.do">
			<set-property property="item" value="vp_sta_dos" />
		</action>
		
		<action path="/vp_lis_tra/listeDeTravail" forward="/vp_lis_tra/PreparationRechercheListeTravailAction.do">
			<set-property property="item" value="vp_lis_tra" />
		</action>
		

	</action-mappings>

	<!-- ============ Ressources ========================== -->

	<message-resources parameter="StrutsRessources" />


	<!-- =============== PlugIns ========================== -->

	<plug-in className="org.apache.struts.validator.ValidatorPlugIn">
		<set-property property="pathnames" 
			 value="/WEB-INF/validator-rules.xml,
			   		/WEB-INF/validation-default.xml,
			   		/WEB-INF/validation-etude.xml,
			   		/WEB-INF/validation-simulation.xml,
			   		/WEB-INF/validation-contrat.xml,
			   		/WEB-INF/validation-portefeuille.xml,
			   		/WEB-INF/validation-descentegestion.xml,
			   		/WEB-INF/validation-rachat.xml" />
	</plug-in>
	<plug-in className="fr.franfinance.fae.dist.fwk.web.init.InitMenusPlugIn" />
	<plug-in className="fr.franfinance.fae.dist.fwk.web.init.InitConvertersPlugIn" />

</struts-config>