<?xml version="1.0" encoding="ISO-8859-1" ?>

<!DOCTYPE struts-config PUBLIC
          "-//Apache Software Foundation//DTD Struts Configuration 1.1//EN"
          "http://jakarta.apache.org/struts/dtds/struts-config_1_1.dtd">

<struts-config>

	<!-- ========== Form Bean Definitions =================================== -->

	<form-beans>
		<form-bean name="baremeSynchroForm" type="fr.franfinance.fae.dist.acq.front.web.mvc.frt_bar.BaremeSynchronisationForm" />
	</form-beans>


	<!-- ========== Global Forward Definitions ============================== -->

	<global-forwards></global-forwards>


	<!-- ========== Action Mapping Definitions ============ -->

	<action-mappings type="org.apache.struts.action.ActionMapping">

		<action path="/admin/BaremeSynchroAction" type="fr.franfinance.fae.dist.acq.front.web.mvc.frt_bar.BaremeSynchronisationAction" name="baremeSynchroForm" scope="request" validate="false">
			<forward name="success" path="/jsp/front.jsp?content=/jsp/FRT_BAR/FRT_BAR001.jsp"></forward>
		</action>
		
		<action path="/admin/BaremeTelechargementAction" type="fr.franfinance.fae.dist.acq.front.web.mvc.frt_bar.BaremeTelechargementAction" name="baremeSynchroForm" scope="request" validate="false">			
			<forward name="success" path="/jsp/front.jsp?content=/jsp/FRT_BAR/FRT_BAR001.jsp"></forward>
		</action>

	</action-mappings>




	<!-- ============ Ressources ========================== -->



	<!-- =============== PlugIns ========================== -->



</struts-config>