<?xml version="1.0" encoding="UTF-8"?>

<beans:beans
	xmlns="http://www.springframework.org/schema/security"
	xmlns:beans="http://www.springframework.org/schema/beans"
	xmlns:xsi="http://www.w3.org/2001/XMLSchema-instance"
	xsi:schemaLocation="http://www.springframework.org/schema/beans http://www.springframework.org/schema/beans/spring-beans-2.0.xsd
http://www.springframework.org/schema/security http://www.springframework.org/schema/security/spring-security-2.0.4.xsd">
  
	<!-- Franfinance Spring Security's integration beans -->
	<beans:import resource="classpath:fr/franfinance/security/spring-security-configuration-JAAS-form.xml"/>
	
	<!-- L10n -->
	<beans:bean
			id="messageSource"
			class="org.springframework.context.support.ResourceBundleMessageSource">
			<beans:property name="basename" value="fr.franfinance.security.custommessages" />
	</beans:bean>

	<beans:bean id="preauthAuthFilter" class="fr.franfinance.fae.dist.acq.front.web.authentication.preauth.RequestParameterPreAuthenticatedProcessingFilter">
		<custom-filter	position="PRE_AUTH_FILTER"/>
		<beans:property name="filterProcessesUrl"				value="/preAuthFilter"/>
		<beans:property name="defaultTargetUrl"					value="${fr.franfinance.security.authentication.defaultTargetUrl}"/>
		<beans:property name="alwaysUseDefaultTargetUrl"		value="${fr.franfinance.security.authentication.alwaysUseDefaultTargetUrl}"/>
		<beans:property name="authenticationFailureUrl"			value="${fr.franfinance.security.authentication.failureUrl}"/>
		<beans:property name="authenticationManager"			ref="authenticationManager"/>
	 	<beans:property name="userDetailsService"				ref="userDetailsService"/>
	</beans:bean>
	
	<http			auto-config="false"
					create-session="ifRequired"
					path-type="ant"
					lowercase-comparisons="true"
					servlet-api-provision="true"
					session-fixation-protection="migrateSession"
					entry-point-ref="entryPoint"
					once-per-request="true"
					access-denied-page="/login/login.jsp?rights=0">

		<!-- Security constraints -->
		<intercept-url		pattern="/login/login.jsp"
							access="ROLE_ANONYMOUS"
							requires-channel="http"/>
							
		<intercept-url		pattern="/j_spring_security_check"
							access="ROLE_ANONYMOUS"
							requires-channel="http"/>
	  
	  <!-- Demo -->
	  
	  
	  <intercept-url		pattern="/login/FRT_Demo.jsp"
							access="ROLE_ANONYMOUS"
							requires-channel="http"/>
	  
	  <!-- Consultation -->
									
		
		<intercept-url 	pattern="/jsp/index.jsp" 
				access="ROLE_commun,ROLE_etu_cre,ROLE_etu_rec,ROLE_etu_mes,ROLE_con_pre,ROLE_pil_pre,ROLE_por_pre,ROLE_sim_rec,ROLE_sim_mes,ROLE_sim_ssi,ROLE_sim_sav,ROLE_vp_sta_dos,ROLE_vp_lis_tra" 
				requires-channel="http"/>
		
		<intercept-url 	pattern="/commun/*" 
				access="ROLE_commun,ROLE_etu_cre,ROLE_etu_rec,ROLE_etu_mes,ROLE_con_pre,ROLE_pil_pre,ROLE_por_pre,ROLE_sim_rec,ROLE_sim_mes,ROLE_sim_ssi,ROLE_sim_sav,ROLE_vp_sta_dos,ROLE_vp_lis_tra" 
				requires-channel="http"/>
		
		<intercept-url 	pattern="/etu_cre/*" 
				access="ROLE_etu_cre" 
				requires-channel="http"/>
		
		<intercept-url 	pattern="/etu_rec/*" 
				access="ROLE_etu_rec" 
				requires-channel="http"/>
		
		<intercept-url 	pattern="/etu_mes/*" 
				access="ROLE_etu_mes" 
				requires-channel="http"/>
				
		<intercept-url 	pattern="/etu_for/*" 
				access="ROLE_for_dec" 
				requires-channel="http"/>
		
		<intercept-url 	pattern="/con_pre/*" 
				access="ROLE_con_pre" 
				requires-channel="http"/>
		
		<intercept-url 	pattern="/pil_pre/*" 
				access="ROLE_pil_pre" 
				requires-channel="http"/>
		
		<intercept-url 	pattern="/por_pre/*" 
				access="ROLE_por_pre" 
				requires-channel="http"/>
		
		<intercept-url 	pattern="/sim_rec/*" 
				access="ROLE_sim_rec" 
				requires-channel="http"/>
		
		<intercept-url 	pattern="/sim_mes/*" 
				access="ROLE_sim_mes" 
				requires-channel="http"/>
				
		<intercept-url 	pattern="/sim_edi/*" 
				access="ROLE_sim_edi" 
				requires-channel="http"/>
				
		<intercept-url 	pattern="/prop_vrg/*" 
				access="ROLE_prop_vrg" 
				requires-channel="http"/>
		
		<intercept-url 	pattern="/sim_cre/*" 
				access="ROLE_sim_ssi" 
				requires-channel="http"/>
		
		<intercept-url 	pattern="/sim_rec_mod/*" 
				access="ROLE_sim_ssi,ROLE_sim_sav" 
				requires-channel="http"/>
					
		<intercept-url 	pattern="/sim_mes_mod/*" 
				access="ROLE_sim_ssi,ROLE_sim_sav" 
				requires-channel="http"/>
		
		<intercept-url 	pattern="/sim_cref/*" 
				access="ROLE_sim_sav" 
				requires-channel="http"/>
					
		<intercept-url 	pattern="/sim_mes_for/*" 
				access="ROLE_sim_sav" 
				requires-channel="http"/>
		
		<intercept-url 	pattern="/sim_rec_for/*" 
				access="ROLE_sim_sav" 
				requires-channel="http"/>
					
		<intercept-url 	pattern="/sim_sfi/*" 
				access="ROLE_sim_sfi" 
				requires-channel="http"/>
					
		<intercept-url 	pattern="/con_mon/*" 
				access="ROLE_con_mon" 
				requires-channel="http"/>
		
		<intercept-url 	pattern="/con_mon_mod/*" 
				access="ROLE_con_mon" 
				requires-channel="http"/>
		
		<intercept-url 	pattern="/con_mes/*" 
				access="ROLE_con_mes" 
				requires-channel="http"/>
		
		<intercept-url 	pattern="/con_rec/*" 
				access="ROLE_con_rec" 
				requires-channel="http"/>
		
		<intercept-url 	pattern="/por_rec/*" 
				access="ROLE_por_rec" 
				requires-channel="http"/>
		
		<intercept-url 	pattern="/por_mes/*" 
				access="ROLE_por_mes" 
				requires-channel="http"/>
		
		<intercept-url 	pattern="/por_rea/*" 
				access="ROLE_por_rea" 
				requires-channel="http"/>
		
		<intercept-url 	pattern="/por_ram/*" 
				access="ROLE_por_ram" 
				requires-channel="http"/>
				
		<intercept-url 	pattern="/por_edp/*" 
				access="ROLE_por_edp,ROLE_por_edp_exp" 
				requires-channel="http"/>
		
		<intercept-url 	pattern="/por_etu/*" 
				access="ROLE_for_dec" 
				requires-channel="http"/>
				
		<intercept-url 	pattern="/con_rat/*" 
				access="ROLE_con_rat" 
				requires-channel="http"/>
				
		<intercept-url 	pattern="/con_rat_mod/*" 
				access="ROLE_con_rat" 
				requires-channel="http"/>
				
		<intercept-url 	pattern="/con_edi/*" 
				access="ROLE_con_edi" 
				requires-channel="http"/>
				
		<intercept-url 	pattern="/pil_cdo/*" 
				access="ROLE_pil_cdo" 
				requires-channel="http"/>
				
		<intercept-url 	pattern="/pil_mel/*" 
				access="ROLE_pil_mel" 
				requires-channel="http"/>
		
		<intercept-url 	pattern="/pil_dml/*" 
				access="ROLE_pil_dml" 
				requires-channel="http"/>
		
		<intercept-url 	pattern="/pil_sta/*" 
				access="ROLE_pil_sta" 
				requires-channel="http"/>
		
		<intercept-url 	pattern="/pil_tra/*" 
				access="ROLE_pil_tra" 
				requires-channel="http"/>
		
		<intercept-url 	pattern="/admin/*" 
				access="ROLE_admin" 
				requires-channel="http"/>
		
		<intercept-url 	pattern="/con_mdi/*" 
				access="ROLE_con_mdi" 
				requires-channel="http"/>
		
		<intercept-url 	pattern="/con_vrg/*" 
				access="ROLE_con_vrg" 
				requires-channel="http"/>
		
		<intercept-url 	pattern="/con_mod/*" 
				access="ROLE_con_mod" 
				requires-channel="http"/>
		
		<intercept-url 	pattern="/con_exp/*" 
				access="ROLE_con_exp" 
				requires-channel="http"/>
		
		<intercept-url 	pattern="/mon_des/*" 
				access="ROLE_mon_des" 
				requires-channel="http"/>
		
		<intercept-url 	pattern="/rac_cre/*" 
				access="ROLE_rac_cre" 
				requires-channel="http"/>
		
		<intercept-url 	pattern="/rac_mes/*" 
				access="ROLE_rac_mes" 
				requires-channel="http"/>
				
		<intercept-url 	pattern="/rac_ava/*" 
				access="ROLE_rac_ava" 
				requires-channel="http"/>
				
		<intercept-url 	pattern="/pil_dash/*" 
				access="ROLE_pil_dash" 
				requires-channel="http"/>
				
		<intercept-url 	pattern="/pil_dashboard/*" 
				access="ROLE_pil_dashbaord" 
				requires-channel="http"/> 
				
		<intercept-url 	pattern="/rac_rec/*" 
				access="ROLE_rac_rec" 
				requires-channel="http"/>
				
		<intercept-url 	pattern="/act_rec/*" 
				access="ROLE_por_mes,ROLE_rac_rec" 
				requires-channel="http"/>
		
		<intercept-url 	pattern="/jsp/FRT_COM/*" 
				access="ROLE_noaccess" 
				requires-channel="http"/>
		
		<intercept-url 	pattern="/jsp/FRT_CON/*" 
				access="ROLE_noaccess" 
				requires-channel="http"/>
		
		<intercept-url 	pattern="/jsp/FRT_ETU/*" 
				access="ROLE_noaccess" 
				requires-channel="http"/>
		
		<intercept-url 	pattern="/jsp/FRT_PIL/*" 
				access="ROLE_noaccess" 
				requires-channel="http"/>
		
		<intercept-url 	pattern="/jsp/FRT_POR/*" 
				access="ROLE_noaccess" 
				requires-channel="http"/>
		
		<intercept-url 	pattern="/jsp/FRT_SIM/*" 
				access="ROLE_noaccess" 
				requires-channel="http"/>
		
		<intercept-url 	pattern="/jsp/template/*" 
				access="ROLE_noaccess" 
				requires-channel="http"/>
		
		<intercept-url 	pattern="/jsp/FRT_POR_ACC.jsp" 
				access="ROLE_noaccess" 
				requires-channel="http"/>
		
		<intercept-url 	pattern="/jsp/front.jsp" 
				access="ROLE_noaccess" 
				requires-channel="http"/>
		
		<intercept-url 	pattern="/jsp/commun/*" 
				access="ROLE_noaccess" 
				requires-channel="http"/>
		
		<intercept-url 	pattern="/CrystalServlet/*" 
				access="ROLE_commun" 
				requires-channel="http"/>

		<intercept-url 	pattern="/vp_sta_dos/*" 
				access="ROLE_vp_sta_dos" 
				requires-channel="http"/>
				
		<intercept-url 	pattern="/vp_lis_tra/*" 
				access="ROLE_vp_lis_tra" 
				requires-channel="http"/>
								
			 <intercept-url 	pattern="/gest_ddf/*" 				
				access="ROLE_ddf_sans_suite"
				requires-channel="http"/>
					
		
		<intercept-url 	pattern="/jsp/FRT_VIS_PAR/*" 
				access="ROLE_noaccess" 
				requires-channel="http"/>
															
		<!-- Logout filter -->
		<logout		logout-url="/j_spring_security_logout"
        			logout-success-url="/"
        			invalidate-session="true"/>
        		
		<!-- Concurrent session filter -->
		<concurrent-session-control	max-sessions="2"
									expired-url="/login/sessionExpired.jsp"
									exception-if-maximum-exceeded="true"
									session-registry-alias="sessionRegistry"/>
        
		<!-- Anonymous filter -->
		<anonymous	key="ANONYMOUS"
					username="anonymousUser"
					granted-authority="ROLE_ANONYMOUS"/>
	</http>
</beans:beans>
