{"id":28368,"numeroSIREN":"552120222","montant":12000.0,"duree":26,"produitFinancier":{"code":"CB","libelle":"Crédit-Bail","type":null,"defaut":null,"ordre":0},"dateSaisie":1536238455000,"raisonSociale":"SOCIETE GENERALE","dateValiditeAccord":null,"media":null,"materiel":{"code":"322011","libelle":"Appareils radio-émetteurs ou récepteurs"},"blocMateriel":{"neuf":false,"anneeMiseEnService":2010,"valeurResiduelle":null,"options":null,"niveauUtilisation":null,"tauxVR":null},"blocPlanFinancement":{"premierLoyerMajore":15.0,"tauxVR":10.0,"montantVR":null},"vendeur":{"id":2163,"nom":"DENIERO","prenom":"ROBERT","fax":null,"mail":"sebastien.camoit@frf.fr.socgen.com","agence":{"id":672,"libelle":"117 ETP PARIS 3","apporteur":{"id":308,"libelle":"SAGEMCOM DOCUMENTS","marche":{"id":1,"libelle":"TEC BURCOM SAGEMCOM","groupe":{"id":2,"libelle":"TEC"},"listApporteurs":null,"code":"BCS"},"listAgences":null},"listVendeurs":null},"telephone":"0101010105","actif":true,"dateEntreeAgence":null,"dateSortieAgence":null},"statut":{"code":"RFD","libelle":"Refus défavorable","type":null,"defaut":null,"commentaire":"Refus Stratégique","date":1536238458000,"gestionnaire":null,"sousStatutInfo":{"code":"RFD","commentaire":"Refus Stratégique","libelle":"Defavorable"},"ordre":0},"donneesInternes":{"gestionnaireSaisie":"LE SAGE PATRICK","commentaireInterne":null,"gestionnaireStatut":"Diffusion Automatique","appel":null},"blocContrepartie":{"enseigne":null,"codeNaf":"6419Z","libelleNaf":"Autres intermédiations monétaires","categorieJuridique":"5599","formeJuridique":"Autre SA à conseil d'administration","adresseEtablissement":["29 BOULEVARD HAUSSMANN","75009 PARIS"],"effectif":10000,"chiffreAffaires":null,"anneeChiffreAffaires":null,"coteBDF":null},"codeMedia":{"code":"WSFL","libelle":"WSERVICE FLASHLEASE","type":null,"defaut":null,"ordre":0},"blocSimulation":null,"blocRatification":null,"decision":null,"statutCommercial":null,"historiqueStatutCommercial":null,"piecesJointes":null,"statutInfo":null,"topDirigeant":null,"infosDirigeant":null,"ratifications":[{"id":2052,"montant":null,"duree":null,"numeroFlashLease":28855,"statut":{"code":"MONT_RA","libelle":"Ratification","type":null,"defaut":false,"commentaire":null,"date":1537977498000,"gestionnaire":null,"sousStatutInfo":{"code":"RAT","commentaire":null,"libelle":"Ratification"},"ordre":0},"client":{"siren":"552120222","nom":"SOCIETE GENERALE","assujettiTaxePro":true,"codeNaf":null,"libelleNaf":null},"userCreateur":null,"dateCreation":1540481817000,"vendeur":{"id":1942,"nom":"LE SAGE","prenom":"PATRICK","fax":null,"mail":"imed.essafi-ext@socgen.com","agence":{"id":672,"libelle":"117 ETP PARIS 3","apporteur":{"id":308,"libelle":"SAGEMCOM DOCUMENTS","marche":{"id":1,"libelle":"TEC BURCOM SAGEMCOM","groupe":{"id":2,"libelle":"TEC"},"listApporteurs":null,"code":"BCS"},"listAgences":null},"listVendeurs":null},"telephone":"0148596162","actif":true,"dateEntreeAgence":null,"dateSortieAgence":null},"typeMontage":null,"produitCommercial":{"code":"LOFI","libelle":"Location financière","ordre":1,"modeleContrat":{"code":"STD","libelle":null,"type":null,"defaut":null,"natureCode":null,"groupeMarcheInfo":null,"ordre":0},"produitFinancier":{"code":"LF","libelle":null,"type":null,"defaut":null,"ordre":0}},"fraisDeMontage":null,"criteres":null,"isMultiPalier":null,"chrono":1,"motifDerogation":null,"clientDetail":null,"garanties":null,"ratificationCourante":true,"materielsFinancement":[{"id":7564,"designation":"Autres matériels audiovisuels","marque":null,"type":null,"numeroSerie":null,"anneeMiseEnService":null,"materielNeuf":true,"montant":{"montant":22500.0,"devise":null},"nbMateriels":1,"tauxTva":20.0,"fournisseurFromProp":{"numeroFournisseur":1,"oidFournisseur":9058,"nom":"SAGEMCOM DOCUMENTS","adresse":{"adresse":null,"complementAdresse":null,"codePostal":null,"ville":null,"pays":null},"numeroSiren":null},"codeCatalogue":null,"codeMateriel":null,"identifiant":null,"principal":false}],"fournisseurs":[{"numeroFournisseur":1,"oidFournisseur":9058,"nom":"SAGEMCOM DOCUMENTS","adresse":{"adresse":null,"complementAdresse":null,"codePostal":null,"ville":null,"pays":null},"numeroSiren":null}],"planFinancement":{"montantFinancement":22500.0,"periode":36,"produitFinancier":{"code":"LF","libelle":"Location","type":null,"defaut":null,"ordre":0},"produitCommercial":null,"duree":36,"taux":1.0,"tauxRefinancement":null,"tauxMarge":null,"periodiciteTaux":{"code":"M","libelle":"TEGM","type":null,"defaut":null,"duree":1,"ordre":1},"tauxVR":0.0,"montantVR":null,"tauxPremierLoyerMajore":0.0,"montantPremierLoyerMajore":null,"loyerFinancierMajore":653.1784,"loyerFinancierBareme":653.1784,"loyerToutInclus":653.1784,"modeAmortissement":{"code":"L","libelle":"Linéaire","type":null,"defaut":null,"ordre":0},"terme":{"code":"A","libelle":"à échoir","type":null,"defaut":null,"ordre":0},"periodicite":{"code":"M","libelle":"Mensuelle","type":null,"defaut":null,"duree":1,"ordre":0},"modeReglement":{"code":"PREL","libelle":"Prélèvement Automatique","type":null,"defaut":null,"codeMajoration":null,"ordre":0},"clauseIndexation":null,"modeSaisieCalcul":"MON","tauxVrApparente":null,"montantVrApparente":null,"paliers":[{"indice":1,"nbEcheances":36,"periodicite":{"code":"M","libelle":"Mensuelle","type":null,"defaut":null,"duree":1,"ordre":0},"terme":{"code":"A","libelle":"à échoir","type":null,"defaut":null,"ordre":0},"loyer":653.1784,"encoursInitial":null,"encoursInitialPrct":null,"ratio":null,"encoursFinal":null,"encoursFinalPrct":null,"methodeCalcul":null}],"multiPaliers":false,"prctFinancement":null,"tauxTEAG":null,"tauxTVA":20.0},"planFinancementDecision":{"montantFinancement":22500.0,"periode":0,"produitFinancier":{"code":null,"libelle":null,"type":null,"defaut":null,"ordre":0},"produitCommercial":null,"duree":36,"taux":null,"tauxRefinancement":0.0,"tauxMarge":0.0,"periodiciteTaux":null,"tauxVR":null,"montantVR":null,"tauxPremierLoyerMajore":null,"montantPremierLoyerMajore":null,"loyerFinancierMajore":null,"loyerFinancierBareme":null,"loyerToutInclus":null,"modeAmortissement":null,"terme":null,"periodicite":null,"modeReglement":null,"clauseIndexation":null,"modeSaisieCalcul":null,"tauxVrApparente":null,"montantVrApparente":null,"paliers":null,"multiPaliers":false,"prctFinancement":0.0,"tauxTEAG":null,"tauxTVA":0.0},"rachat":null,"calage":{"nbMoisCalage":null,"nbJoursCalage":null,"dateFinancement":null,"topCalage":false},"prestations":null,"autreMajorations":null,"referenceApporteur":null,"topDerogation":null,"bareme":null,"donneesInternes":{"gestionnaireSaisie":"PATRICK LE SAGE","commentaireInterne":null,"gestionnaireStatut":"PATRICK LE SAGE","appel":null},"modeleContrat":{"code":"STD","libelle":"Standard","type":null,"defaut":true,"natureCode":null,"groupeMarcheInfo":null,"ordre":0},"fluxRatification":{"code":"FLUX","libelle":"FLUX","type":null,"defaut":null,"ordre":0},"typeOperation":null,"tauxVrApparente":null,"montantVrApparente":null,"typeRatification":"SF","commentairePalier":null,"pourGrandCompte":false,"pourAdministration":false,"statutRatification":{"code":"RATIF_MO","libelle":"Brouillon","type":null,"defaut":null,"commentaire":null,"date":null,"gestionnaire":{"id":null,"login":"plesage","prenomNom":"PATRICK LE SAGE","typeVendeur":null,"fax":null,"mail":null},"ordre":0},"vendeurRatification":{"id":null,"nom":"LE SAGE","prenom":"PATRICK","fax":null,"mail":"omar.bencheikh@frf.socgen.com","agence":{"id":null,"libelle":"117 ETP PARIS 3","apporteur":{"id":null,"libelle":"SAGEMCOM DOCUMENTS","marche":null,"listAgences":null},"listVendeurs":null},"telephone":"0141396188","actif":false,"dateEntreeAgence":null,"dateSortieAgence":null},"flagEcheancier":true,"commissionApporteur":3.0,"rachatIds":null,"fromModif":false,"offreRachatLabel":null,"montantFraisDeMontage":{"montant":120.0,"devise":null},"prctFinancement":null,"codeCatalogue":null,"codeMateriel":null,"designation":null,"identifiantMateriel":null,"fraisDeMontageForce":false,"fmontantDispo":null}],"numeroFL":28368}
