[{"id":28565,"numeroSIREN":"552120222","montant":15000.0,"duree":36,"produitFinancier":{"code":"LF","libelle":"Location","type":null,"defaut":null,"ordre":0},"dateSaisie":1536946159000,"raisonSociale":"SOCIETE GENERALE","dateValiditeAccord":null,"media":null,"materiel":{"code":"322011","libelle":"Autres matériels audiovisuels"},"blocMateriel":null,"blocPlanFinancement":null,"vendeur":{"id":1942,"nom":"LE SAGE","prenom":"PATRICK","fax":null,"mail":"omar.bencheikh@frf.socgen.com","agence":{"id":672,"libelle":"117 ETP PARIS 3","apporteur":{"id":308,"libelle":"SAGEMCOM DOCUMENTS","marche":{"id":1,"libelle":"TEC BURCOM SAGEMCOM","groupe":{"id":2,"libelle":"TEC"},"listApporteurs":null,"code":"BCS"},"listAgences":null},"listVendeurs":null},"telephone":null,"actif":true,"dateEntreeAgence":1262300400000,"dateSortieAgence":null},"statut":{"code":"ETU","libelle":"A l'étude","type":null,"defaut":null,"commentaire":null,"date":null,"gestionnaire":null,"sousStatutInfo":{"code":"DEC","commentaire":null,"libelle":"Decide"},"ordre":0},"donneesInternes":{"gestionnaireSaisie":null,"commentaireInterne":"Traitement automatique","gestionnaireStatut":"Automate FLASH LEASE","appel":false},"blocContrepartie":{"enseigne":null,"codeNaf":"6419Z","libelleNaf":"Autres intermédiations monétaires","categorieJuridique":"5599","formeJuridique":"Autre SA à conseil d'administration","adresseEtablissement":["29 BOULEVARD HAUSSMANN","75009 PARIS"],"effectif":10000,"chiffreAffaires":null,"anneeChiffreAffaires":null,"coteBDF":null},"codeMedia":null,"blocSimulation":null,"blocRatification":null,"decision":null,"statutCommercial":null,"historiqueStatutCommercial":null,"piecesJointes":null,"statutInfo":null,"topDirigeant":null,"infosDirigeant":null,"numeroFL":28565},
{"id":28884,"numeroSIREN":"552120222","montant":15000.0,"duree":36,"produitFinancier":{"code":"LF","libelle":"Location","type":null,"defaut":null,"ordre":0},"dateSaisie":1538144964000,"raisonSociale":"SOCIETE GENERALE","dateValiditeAccord":null,"media":null,"materiel":{"code":"322011","libelle":"Autres matériels audiovisuels"},"blocMateriel":null,"blocPlanFinancement":null,"vendeur":{"id":1942,"nom":"LE SAGE","prenom":"PATRICK","fax":null,"mail":"imed.essafi-ext@socgen.com","agence":{"id":672,"libelle":"117 ETP PARIS 3","apporteur":{"id":308,"libelle":"SAGEMCOM DOCUMENTS","marche":{"id":1,"libelle":"TEC BURCOM SAGEMCOM","groupe":{"id":2,"libelle":"TEC"},"listApporteurs":null,"code":"BCS"},"listAgences":null},"listVendeurs":null},"telephone":null,"actif":true,"dateEntreeAgence":1262300400000,"dateSortieAgence":null},"statut":{"code":"ACC","libelle":"Accordé","type":null,"defaut":null,"commentaire":null,"date":null,"gestionnaire":null,"sousStatutInfo":{"code":"ACC","commentaire":null,"libelle":"Ferme"},"ordre":0},"donneesInternes":{"gestionnaireSaisie":null,"commentaireInterne":"LISTE BLANCHE - APPARTENANCE GROUPE SG","gestionnaireStatut":"ESSAFI IMED","appel":false},"blocContrepartie":{"enseigne":null,"codeNaf":"6419Z","libelleNaf":"Autres intermédiations monétaires","categorieJuridique":"5599","formeJuridique":"Autre SA à conseil d'administration","adresseEtablissement":["29 BOULEVARD HAUSSMANN","75009 PARIS"],"effectif":10000,"chiffreAffaires":null,"anneeChiffreAffaires":null,"coteBDF":null},"codeMedia":null,"blocSimulation":null,"blocRatification":null,"decision":null,"statutCommercial":null,"historiqueStatutCommercial":null,"piecesJointes":null,"statutInfo":null,"topDirigeant":null,"infosDirigeant":null,"numeroFL":28884}]
