{"id":null,"societeGestion":"SAGEMLEASE","categorieAffaire":"Location Financière","statut":{"code":"EL1S","libelle":"En loyer saine","type":null,"defaut":null,"ordre":0},"duree":63,"modeReglement":{"code":"","libelle":"","type":null,"defaut":null,"codeMajoration":null,"ordre":0},"client":{"id":null,"referenceTiers":"0000136611","siren":"309003127","raisonSociale":"SAS COTRATOUR","soldeCompte":null},"elements":[{"id":null,"numeroElement":1,"loyerFinancier":204.0,"loyerPrestations":null,"loyerFinHT":204.0,"loyerPrestationServiceHT":57.83,"terme":{"code":null,"libelle":"A","type":null,"defaut":null,"ordre":0},"primeAssurances":0.0,"loyerGlobal":261.83,"dateProchaineEcheance":1451602800000,"referenceApporteur":null,"prestationLMAI":"Oui","periodicite":{"code":"trimestriel","libelle":null,"type":null,"defaut":null,"duree":null,"ordre":0},"dateDebutLocation":1293836400000,"dateFinLocation":1459375200000,"nombreLoyersRestants":1,"baseLocInit":3009.8,"tauxRendementInterne":16.088732,"tauxRendementInterneActuariel":17.32977,"tauxNominal":16.088732,"tegActuariel":17.32977,"montantVR":120.39,"montantVRRepreneur":0.0,"pourcentVRClient":0.0,"pourcentVRFournisseur":3.999934,"pourcentVRAutre":0.0,"datePremiereEcheance":1293836400000,"datePublicationGreffe":null,"termeProchaineEcheance":{"code":null,"libelle":"A","type":null,"defaut":null,"ordre":0},"nomFournisseurEntretien":"SETR LEASE & LOAN INSURANCE SV","numeroFournisseurEntretien":"LLISL","codeContratPrestation":null,"codeContratAssurance":null,"biens":[{"id":null,"designation":"1 AGORIS 5680N","numeroSerie":"2000083","nature":"322","marque":"SAGM","modele":"SAPH","immobilisation":"0000734376","montant":3009.8,"numeroFournisseur":"SAGEMCOM","nomFournisseur":"SAS SAGEMCOM DOCUMENTS","typeAmortissement":"DEGRESSIF"}]}],"referenceInterne":"000487028-00","nomVendeur":"SA SAGEM AGENCE IDF 122","numVendeur":"SAGEM122","affaireSDMI":null,"numAffaireEntretien":"00","montantRachat":120.39,"codeReseau":"SGM","codeDistrict":"IDF","codeRegionInt":"3001","codeRegionExt":"PMIE","codeSecteur":"MEBI","numApporteur":"SAGEMCOM","nomApporteur":"SAS SAGEMCOM DOCUMENTS","tiersRacheteur":"SAGEMCOM","dateArretFacturation":null,"modeReglementPremierLoyer":{"code":"","libelle":"","type":null,"defaut":null,"codeMajoration":null,"ordre":0},"numAffaireTransfert":"00","isAffaireTransfere":false,"codeOffre":null,"libelleCodeOffre":null,"firstElement":{"id":null,"numeroElement":1,"loyerFinancier":204.0,"loyerPrestations":null,"loyerFinHT":204.0,"loyerPrestationServiceHT":57.83,"terme":{"code":null,"libelle":"A","type":null,"defaut":null,"ordre":0},"primeAssurances":0.0,"loyerGlobal":261.83,"dateProchaineEcheance":1451602800000,"referenceApporteur":null,"prestationLMAI":"Oui","periodicite":{"code":"trimestriel","libelle":null,"type":null,"defaut":null,"duree":null,"ordre":0},"dateDebutLocation":1293836400000,"dateFinLocation":1459375200000,"nombreLoyersRestants":1,"baseLocInit":3009.8,"tauxRendementInterne":16.088732,"tauxRendementInterneActuariel":17.32977,"tauxNominal":16.088732,"tegActuariel":17.32977,"montantVR":120.39,"montantVRRepreneur":0.0,"pourcentVRClient":0.0,"pourcentVRFournisseur":3.999934,"pourcentVRAutre":0.0,"datePremiereEcheance":1293836400000,"datePublicationGreffe":null,"termeProchaineEcheance":{"code":null,"libelle":"A","type":null,"defaut":null,"ordre":0},"nomFournisseurEntretien":"SETR LEASE & LOAN INSURANCE SV","numeroFournisseurEntretien":"LLISL","codeContratPrestation":null,"codeContratAssurance":null,"biens":[{"id":null,"designation":"1 AGORIS 5680N","numeroSerie":"2000083","nature":"322","marque":"SAGM","modele":"SAPH","immobilisation":"0000734376","montant":3009.8,"numeroFournisseur":"SAGEMCOM","nomFournisseur":"SAS SAGEMCOM DOCUMENTS","typeAmortissement":"DEGRESSIF"}]}}
